file,line,type,commit,author,date,time,timezone,datetime,depth,length
style.css,1,css,74fff774,iskabell,4/9/2026,16:50:27,-07:00,2026-04-09T16:50:27-07:00,0,2
style.css,2,css,74fff774,iskabell,4/9/2026,16:50:27,-07:00,2026-04-09T16:50:27-07:00,0,20
style.css,3,css,2ee2ff88,iskabell,4/17/2026,1:12:16,-07:00,2026-04-17T01:12:16-07:00,0,26
style.css,4,css,2ee2ff88,iskabell,4/17/2026,1:12:16,-07:00,2026-04-17T01:12:16-07:00,0,15
style.css,5,css,2ee2ff88,iskabell,4/17/2026,1:12:16,-07:00,2026-04-17T01:12:16-07:00,0,24
style.css,6,css,2ee2ff88,iskabell,4/17/2026,1:12:16,-07:00,2026-04-17T01:12:16-07:00,0,20
style.css,7,css,2ee2ff88,iskabell,4/17/2026,1:12:16,-07:00,2026-04-17T01:12:16-07:00,0,24
style.css,8,css,2ee2ff88,iskabell,4/17/2026,1:12:16,-07:00,2026-04-17T01:12:16-07:00,0,26
style.css,9,css,2ee2ff88,iskabell,4/17/2026,1:12:16,-07:00,2026-04-17T01:12:16-07:00,0,15
style.css,10,css,2ee2ff88,iskabell,4/17/2026,1:12:16,-07:00,2026-04-17T01:12:16-07:00,0,14
style.css,11,css,2ee2ff88,iskabell,4/17/2026,1:12:16,-07:00,2026-04-17T01:12:16-07:00,0,21
style.css,12,css,2ee2ff88,iskabell,4/17/2026,1:12:16,-07:00,2026-04-17T01:12:16-07:00,0,0
style.css,13,css,74fff774,iskabell,4/9/2026,16:50:27,-07:00,2026-04-09T16:50:27-07:00,0,30
style.css,14,css,2ee2ff88,iskabell,4/17/2026,1:12:16,-07:00,2026-04-17T01:12:16-07:00,0,16
style.css,15,css,2ee2ff88,iskabell,4/17/2026,1:12:16,-07:00,2026-04-17T01:12:16-07:00,0,0
style.css,16,css,2ee2ff88,iskabell,4/17/2026,1:12:16,-07:00,2026-04-17T01:12:16-07:00,0,0
style.css,17,css,2ee2ff88,iskabell,4/17/2026,1:12:16,-07:00,2026-04-17T01:12:16-07:00,0,21
style.css,18,css,2ee2ff88,iskabell,4/17/2026,1:12:16,-07:00,2026-04-17T01:12:16-07:00,0,18
style.css,19,css,2ee2ff88,iskabell,4/17/2026,1:12:16,-07:00,2026-04-17T01:12:16-07:00,0,24
style.css,20,css,2ee2ff88,iskabell,4/17/2026,1:12:16,-07:00,2026-04-17T01:12:16-07:00,0,17
style.css,21,css,2ee2ff88,iskabell,4/17/2026,1:12:16,-07:00,2026-04-17T01:12:16-07:00,0,21
style.css,22,css,2ee2ff88,iskabell,4/17/2026,1:12:16,-07:00,2026-04-17T01:12:16-07:00,0,26
style.css,23,css,2ee2ff88,iskabell,4/17/2026,1:12:16,-07:00,2026-04-17T01:12:16-07:00,0,18
style.css,24,css,2ee2ff88,iskabell,4/17/2026,1:12:16,-07:00,2026-04-17T01:12:16-07:00,0,17
style.css,25,css,2ee2ff88,iskabell,4/17/2026,1:12:16,-07:00,2026-04-17T01:12:16-07:00,0,21
style.css,26,css,2ee2ff88,iskabell,4/17/2026,1:12:16,-07:00,2026-04-17T01:12:16-07:00,0,0
style.css,27,css,2ee2ff88,iskabell,4/17/2026,1:12:16,-07:00,2026-04-17T01:12:16-07:00,0,15
style.css,28,css,74fff774,iskabell,4/9/2026,16:50:27,-07:00,2026-04-09T16:50:27-07:00,0,0
style.css,29,css,74fff774,iskabell,4/9/2026,16:50:27,-07:00,2026-04-09T16:50:27-07:00,0,0
style.css,30,css,5873b816,iskabell,4/4/2026,14:24:17,-07:00,2026-04-04T14:24:17-07:00,0,2
style.css,31,css,5873b816,iskabell,4/4/2026,14:24:17,-07:00,2026-04-04T14:24:17-07:00,0,21
style.css,32,css,74fff774,iskabell,4/9/2026,16:50:27,-07:00,2026-04-09T16:50:27-07:00,0,13
style.css,33,css,74fff774,iskabell,4/9/2026,16:50:27,-07:00,2026-04-09T16:50:27-07:00,0,16
style.css,34,css,74fff774,iskabell,4/9/2026,16:50:27,-07:00,2026-04-09T16:50:27-07:00,0,16
style.css,35,css,2ee2ff88,iskabell,4/17/2026,1:12:16,-07:00,2026-04-17T01:12:16-07:00,0,21
style.css,36,css,2ee2ff88,iskabell,4/17/2026,1:12:16,-07:00,2026-04-17T01:12:16-07:00,0,38
style.css,37,css,74fff774,iskabell,4/9/2026,16:50:27,-07:00,2026-04-09T16:50:27-07:00,0,0
style.css,38,css,74fff774,iskabell,4/9/2026,16:50:27,-07:00,2026-04-09T16:50:27-07:00,0,0
style.css,39,css,74fff774,iskabell,4/9/2026,16:50:27,-07:00,2026-04-09T16:50:27-07:00,0,1
style.css,40,css,74fff774,iskabell,4/9/2026,16:50:27,-07:00,2026-04-09T16:50:27-07:00,0,10
style.css,41,css,74fff774,iskabell,4/9/2026,16:50:27,-07:00,2026-04-09T16:50:27-07:00,0,17
style.css,42,css,2ee2ff88,iskabell,4/17/2026,1:12:16,-07:00,2026-04-17T01:12:16-07:00,0,45
style.css,43,css,74fff774,iskabell,4/9/2026,16:50:27,-07:00,2026-04-09T16:50:27-07:00,0,0
style.css,44,css,74fff774,iskabell,4/9/2026,16:50:27,-07:00,2026-04-09T16:50:27-07:00,0,0
style.css,45,css,74fff774,iskabell,4/9/2026,16:50:27,-07:00,2026-04-09T16:50:27-07:00,0,3
style.css,46,css,74fff774,iskabell,4/9/2026,16:50:27,-07:00,2026-04-09T16:50:27-07:00,0,4
style.css,47,css,74fff774,iskabell,4/9/2026,16:50:27,-07:00,2026-04-09T16:50:27-07:00,0,14
style.css,48,css,74fff774,iskabell,4/9/2026,16:50:27,-07:00,2026-04-09T16:50:27-07:00,0,0
style.css,49,css,74fff774,iskabell,4/9/2026,16:50:27,-07:00,2026-04-09T16:50:27-07:00,0,0
style.css,50,css,74fff774,iskabell,4/9/2026,16:50:27,-07:00,2026-04-09T16:50:27-07:00,0,3
style.css,51,css,74fff774,iskabell,4/9/2026,16:50:27,-07:00,2026-04-09T16:50:27-07:00,0,4
style.css,52,css,74fff774,iskabell,4/9/2026,16:50:27,-07:00,2026-04-09T16:50:27-07:00,0,18
style.css,53,css,74fff774,iskabell,4/9/2026,16:50:27,-07:00,2026-04-09T16:50:27-07:00,0,11
style.css,54,css,74fff774,iskabell,4/9/2026,16:50:27,-07:00,2026-04-09T16:50:27-07:00,0,15
style.css,55,css,74fff774,iskabell,4/9/2026,16:50:27,-07:00,2026-04-09T16:50:27-07:00,0,11
style.css,56,css,74fff774,iskabell,4/9/2026,16:50:27,-07:00,2026-04-09T16:50:27-07:00,0,0
style.css,57,css,74fff774,iskabell,4/9/2026,16:50:27,-07:00,2026-04-09T16:50:27-07:00,0,0
style.css,58,css,74fff774,iskabell,4/9/2026,16:50:27,-07:00,2026-04-09T16:50:27-07:00,0,11
style.css,59,css,2ee2ff88,iskabell,4/17/2026,1:12:16,-07:00,2026-04-17T01:12:16-07:00,0,43
style.css,60,css,74fff774,iskabell,4/9/2026,16:50:27,-07:00,2026-04-09T16:50:27-07:00,0,18
style.css,61,css,74fff774,iskabell,4/9/2026,16:50:27,-07:00,2026-04-09T16:50:27-07:00,0,0
style.css,62,css,74fff774,iskabell,4/9/2026,16:50:27,-07:00,2026-04-09T16:50:27-07:00,0,0
style.css,63,css,74fff774,iskabell,4/9/2026,16:50:27,-07:00,2026-04-09T16:50:27-07:00,0,9
style.css,64,css,2ee2ff88,iskabell,4/17/2026,1:12:16,-07:00,2026-04-17T01:12:16-07:00,0,49
style.css,65,css,74fff774,iskabell,4/9/2026,16:50:27,-07:00,2026-04-09T16:50:27-07:00,0,18
style.css,66,css,2ee2ff88,iskabell,4/17/2026,1:12:16,-07:00,2026-04-17T01:12:16-07:00,0,67
style.css,67,css,2ee2ff88,iskabell,4/17/2026,1:12:16,-07:00,2026-04-17T01:12:16-07:00,0,0
style.css,68,css,2ee2ff88,iskabell,4/17/2026,1:12:16,-07:00,2026-04-17T01:12:16-07:00,0,0
style.css,69,css,2ee2ff88,iskabell,4/17/2026,1:12:16,-07:00,2026-04-17T01:12:16-07:00,0,11
style.css,70,css,2ee2ff88,iskabell,4/17/2026,1:12:16,-07:00,2026-04-17T01:12:16-07:00,0,15
style.css,71,css,2ee2ff88,iskabell,4/17/2026,1:12:16,-07:00,2026-04-17T01:12:16-07:00,0,6
style.css,72,css,2ee2ff88,iskabell,4/17/2026,1:12:16,-07:00,2026-04-17T01:12:16-07:00,0,8
style.css,73,css,2ee2ff88,iskabell,4/17/2026,1:12:16,-07:00,2026-04-17T01:12:16-07:00,0,11
style.css,74,css,2ee2ff88,iskabell,4/17/2026,1:12:16,-07:00,2026-04-17T01:12:16-07:00,0,21
style.css,75,css,2ee2ff88,iskabell,4/17/2026,1:12:16,-07:00,2026-04-17T01:12:16-07:00,0,32
style.css,76,css,74fff774,iskabell,4/9/2026,16:50:27,-07:00,2026-04-09T16:50:27-07:00,0,0
style.css,77,css,74fff774,iskabell,4/9/2026,16:50:27,-07:00,2026-04-09T16:50:27-07:00,0,0
style.css,78,css,74fff774,iskabell,4/9/2026,16:50:27,-07:00,2026-04-09T16:50:27-07:00,0,2
style.css,79,css,74fff774,iskabell,4/9/2026,16:50:27,-07:00,2026-04-09T16:50:27-07:00,0,5
style.css,80,css,2ee2ff88,iskabell,4/17/2026,1:12:16,-07:00,2026-04-17T01:12:16-07:00,0,3
style.css,81,css,2ee2ff88,iskabell,4/17/2026,1:12:16,-07:00,2026-04-17T01:12:16-07:00,0,4
style.css,82,css,74fff774,iskabell,4/9/2026,16:50:27,-07:00,2026-04-09T16:50:27-07:00,0,10
style.css,83,css,74fff774,iskabell,4/9/2026,16:50:27,-07:00,2026-04-09T16:50:27-07:00,0,0
style.css,84,css,74fff774,iskabell,4/9/2026,16:50:27,-07:00,2026-04-09T16:50:27-07:00,0,0
style.css,85,css,74fff774,iskabell,4/9/2026,16:50:27,-07:00,2026-04-09T16:50:27-07:00,0,2
style.css,86,css,74fff774,iskabell,4/9/2026,16:50:27,-07:00,2026-04-09T16:50:27-07:00,0,10
style.css,87,css,74fff774,iskabell,4/9/2026,16:50:27,-07:00,2026-04-09T16:50:27-07:00,0,28
style.css,88,css,74fff774,iskabell,4/9/2026,16:50:27,-07:00,2026-04-09T16:50:27-07:00,0,5
style.css,89,css,74fff774,iskabell,4/9/2026,16:50:27,-07:00,2026-04-09T16:50:27-07:00,0,0
style.css,90,css,74fff774,iskabell,4/9/2026,16:50:27,-07:00,2026-04-09T16:50:27-07:00,0,0
style.css,91,css,74fff774,iskabell,4/9/2026,16:50:27,-07:00,2026-04-09T16:50:27-07:00,0,8
style.css,92,css,74fff774,iskabell,4/9/2026,16:50:27,-07:00,2026-04-09T16:50:27-07:00,0,10
style.css,93,css,74fff774,iskabell,4/9/2026,16:50:27,-07:00,2026-04-09T16:50:27-07:00,0,27
style.css,94,css,74fff774,iskabell,4/9/2026,16:50:27,-07:00,2026-04-09T16:50:27-07:00,0,16
style.css,95,css,74fff774,iskabell,4/9/2026,16:50:27,-07:00,2026-04-09T16:50:27-07:00,0,15
style.css,96,css,74fff774,iskabell,4/9/2026,16:50:27,-07:00,2026-04-09T16:50:27-07:00,0,0
style.css,97,css,74fff774,iskabell,4/9/2026,16:50:27,-07:00,2026-04-09T16:50:27-07:00,0,0
style.css,98,css,74fff774,iskabell,4/9/2026,16:50:27,-07:00,2026-04-09T16:50:27-07:00,0,7
style.css,99,css,74fff774,iskabell,4/9/2026,16:50:27,-07:00,2026-04-09T16:50:27-07:00,0,11
style.css,100,css,74fff774,iskabell,4/9/2026,16:50:27,-07:00,2026-04-09T16:50:27-07:00,0,8
style.css,101,css,74fff774,iskabell,4/9/2026,16:50:27,-07:00,2026-04-09T16:50:27-07:00,0,19
style.css,102,css,74fff774,iskabell,4/9/2026,16:50:27,-07:00,2026-04-09T16:50:27-07:00,0,0
style.css,103,css,74fff774,iskabell,4/9/2026,16:50:27,-07:00,2026-04-09T16:50:27-07:00,0,0
style.css,104,css,74fff774,iskabell,4/9/2026,16:50:27,-07:00,2026-04-09T16:50:27-07:00,0,9
style.css,105,css,74fff774,iskabell,4/9/2026,16:50:27,-07:00,2026-04-09T16:50:27-07:00,0,16
style.css,106,css,74fff774,iskabell,4/9/2026,16:50:27,-07:00,2026-04-09T16:50:27-07:00,0,16
style.css,107,css,74fff774,iskabell,4/9/2026,16:50:27,-07:00,2026-04-09T16:50:27-07:00,0,0
style.css,108,css,74fff774,iskabell,4/9/2026,16:50:27,-07:00,2026-04-09T16:50:27-07:00,0,0
style.css,109,css,74fff774,iskabell,4/9/2026,16:50:27,-07:00,2026-04-09T16:50:27-07:00,0,0
style.css,110,css,74fff774,iskabell,4/9/2026,16:50:27,-07:00,2026-04-09T16:50:27-07:00,0,0
style.css,111,css,74fff774,iskabell,4/9/2026,16:50:27,-07:00,2026-04-09T16:50:27-07:00,0,0
style.css,112,css,74fff774,iskabell,4/9/2026,16:50:27,-07:00,2026-04-09T16:50:27-07:00,0,0
style.css,113,css,74fff774,iskabell,4/9/2026,16:50:27,-07:00,2026-04-09T16:50:27-07:00,0,0
style.css,114,css,74fff774,iskabell,4/9/2026,16:50:27,-07:00,2026-04-09T16:50:27-07:00,0,0
style.css,115,css,74fff774,iskabell,4/9/2026,16:50:27,-07:00,2026-04-09T16:50:27-07:00,0,13
style.css,116,css,74fff774,iskabell,4/9/2026,16:50:27,-07:00,2026-04-09T16:50:27-07:00,0,15
style.css,117,css,74fff774,iskabell,4/9/2026,16:50:27,-07:00,2026-04-09T16:50:27-07:00,0,0
style.css,118,css,74fff774,iskabell,4/9/2026,16:50:27,-07:00,2026-04-09T16:50:27-07:00,0,0
style.css,119,css,74fff774,iskabell,4/9/2026,16:50:27,-07:00,2026-04-09T16:50:27-07:00,0,0
style.css,120,css,74fff774,iskabell,4/9/2026,16:50:27,-07:00,2026-04-09T16:50:27-07:00,0,12
style.css,121,css,74fff774,iskabell,4/9/2026,16:50:27,-07:00,2026-04-09T16:50:27-07:00,0,0
style.css,122,css,74fff774,iskabell,4/9/2026,16:50:27,-07:00,2026-04-09T16:50:27-07:00,0,0
style.css,123,css,74fff774,iskabell,4/9/2026,16:50:27,-07:00,2026-04-09T16:50:27-07:00,0,7
style.css,124,css,74fff774,iskabell,4/9/2026,16:50:27,-07:00,2026-04-09T16:50:27-07:00,0,10
style.css,125,css,74fff774,iskabell,4/9/2026,16:50:27,-07:00,2026-04-09T16:50:27-07:00,0,56
style.css,126,css,74fff774,iskabell,4/9/2026,16:50:27,-07:00,2026-04-09T16:50:27-07:00,0,5
style.css,127,css,74fff774,iskabell,4/9/2026,16:50:27,-07:00,2026-04-09T16:50:27-07:00,0,0
style.css,128,css,74fff774,iskabell,4/9/2026,16:50:27,-07:00,2026-04-09T16:50:27-07:00,0,0
style.css,129,css,74fff774,iskabell,4/9/2026,16:50:27,-07:00,2026-04-09T16:50:27-07:00,0,15
style.css,130,css,74fff774,iskabell,4/9/2026,16:50:27,-07:00,2026-04-09T16:50:27-07:00,0,10
style.css,131,css,74fff774,iskabell,4/9/2026,16:50:27,-07:00,2026-04-09T16:50:27-07:00,0,24
style.css,132,css,74fff774,iskabell,4/9/2026,16:50:27,-07:00,2026-04-09T16:50:27-07:00,0,13
style.css,133,css,74fff774,iskabell,4/9/2026,16:50:27,-07:00,2026-04-09T16:50:27-07:00,0,5
style.css,134,css,74fff774,iskabell,4/9/2026,16:50:27,-07:00,2026-04-09T16:50:27-07:00,0,0
style.css,135,css,74fff774,iskabell,4/9/2026,16:50:27,-07:00,2026-04-09T16:50:27-07:00,0,0
style.css,136,css,74fff774,iskabell,4/9/2026,16:50:27,-07:00,2026-04-09T16:50:27-07:00,0,9
style.css,137,css,74fff774,iskabell,4/9/2026,16:50:27,-07:00,2026-04-09T16:50:27-07:00,0,9
style.css,138,css,74fff774,iskabell,4/9/2026,16:50:27,-07:00,2026-04-09T16:50:27-07:00,0,6
style.css,139,css,74fff774,iskabell,4/9/2026,16:50:27,-07:00,2026-04-09T16:50:27-07:00,0,0
style.css,140,css,74fff774,iskabell,4/9/2026,16:50:27,-07:00,2026-04-09T16:50:27-07:00,0,0
style.css,141,css,74fff774,iskabell,4/9/2026,16:50:27,-07:00,2026-04-09T16:50:27-07:00,0,11
style.css,142,css,74fff774,iskabell,4/9/2026,16:50:27,-07:00,2026-04-09T16:50:27-07:00,0,8
style.css,143,css,74fff774,iskabell,4/9/2026,16:50:27,-07:00,2026-04-09T16:50:27-07:00,0,9
style.css,144,css,74fff774,iskabell,4/9/2026,16:50:27,-07:00,2026-04-09T16:50:27-07:00,0,11
style.css,145,css,74fff774,iskabell,4/9/2026,16:50:27,-07:00,2026-04-09T16:50:27-07:00,0,0
style.css,146,css,74fff774,iskabell,4/9/2026,16:50:27,-07:00,2026-04-09T16:50:27-07:00,0,0
style.css,147,css,74fff774,iskabell,4/9/2026,16:50:27,-07:00,2026-04-09T16:50:27-07:00,0,5
style.css,148,css,74fff774,iskabell,4/9/2026,16:50:27,-07:00,2026-04-09T16:50:27-07:00,0,10
style.css,149,css,74fff774,iskabell,4/9/2026,16:50:27,-07:00,2026-04-09T16:50:27-07:00,0,8
style.css,150,css,74fff774,iskabell,4/9/2026,16:50:27,-07:00,2026-04-09T16:50:27-07:00,0,0
style.css,151,css,74fff774,iskabell,4/9/2026,16:50:27,-07:00,2026-04-09T16:50:27-07:00,0,0
style.css,152,css,74fff774,iskabell,4/9/2026,16:50:27,-07:00,2026-04-09T16:50:27-07:00,0,12
style.css,153,css,74fff774,iskabell,4/9/2026,16:50:27,-07:00,2026-04-09T16:50:27-07:00,0,23
style.css,154,css,2ee2ff88,iskabell,4/17/2026,1:12:16,-07:00,2026-04-17T01:12:16-07:00,0,41
style.css,155,css,74fff774,iskabell,4/9/2026,16:50:27,-07:00,2026-04-09T16:50:27-07:00,0,0
style.css,156,css,74fff774,iskabell,4/9/2026,16:50:27,-07:00,2026-04-09T16:50:27-07:00,0,0
style.css,157,css,74fff774,iskabell,4/9/2026,16:50:27,-07:00,2026-04-09T16:50:27-07:00,0,15
style.css,158,css,74fff774,iskabell,4/9/2026,16:50:27,-07:00,2026-04-09T16:50:27-07:00,0,6
style.css,159,css,74fff774,iskabell,4/9/2026,16:50:27,-07:00,2026-04-09T16:50:27-07:00,0,0
style.css,160,css,74fff774,iskabell,4/9/2026,16:50:27,-07:00,2026-04-09T16:50:27-07:00,0,0
style.css,161,css,74fff774,iskabell,4/9/2026,16:50:27,-07:00,2026-04-09T16:50:27-07:00,0,13
style.css,162,css,74fff774,iskabell,4/9/2026,16:50:27,-07:00,2026-04-09T16:50:27-07:00,0,15
style.css,163,css,2ee2ff88,iskabell,4/17/2026,1:12:16,-07:00,2026-04-17T01:12:16-07:00,0,21
style.css,164,css,74fff774,iskabell,4/9/2026,16:50:27,-07:00,2026-04-09T16:50:27-07:00,0,0
style.css,165,css,74fff774,iskabell,4/9/2026,16:50:27,-07:00,2026-04-09T16:50:27-07:00,0,0
style.css,166,css,74fff774,iskabell,4/9/2026,16:50:27,-07:00,2026-04-09T16:50:27-07:00,0,13
style.css,167,css,2ee2ff88,iskabell,4/17/2026,1:12:16,-07:00,2026-04-17T01:12:16-07:00,0,34
style.css,168,css,2ee2ff88,iskabell,4/17/2026,1:12:16,-07:00,2026-04-17T01:12:16-07:00,0,34
style.css,169,css,2ee2ff88,iskabell,4/17/2026,1:12:16,-07:00,2026-04-17T01:12:16-07:00,0,48
style.css,170,css,74fff774,iskabell,4/9/2026,16:50:27,-07:00,2026-04-09T16:50:27-07:00,0,18
style.css,171,css,74fff774,iskabell,4/9/2026,16:50:27,-07:00,2026-04-09T16:50:27-07:00,0,18
style.css,172,css,74fff774,iskabell,4/9/2026,16:50:27,-07:00,2026-04-09T16:50:27-07:00,0,0
style.css,173,css,74fff774,iskabell,4/9/2026,16:50:27,-07:00,2026-04-09T16:50:27-07:00,0,0
style.css,174,css,74fff774,iskabell,4/9/2026,16:50:27,-07:00,2026-04-09T16:50:27-07:00,0,16
style.css,175,css,74fff774,iskabell,4/9/2026,16:50:27,-07:00,2026-04-09T16:50:27-07:00,0,18
style.css,176,css,2ee2ff88,iskabell,4/17/2026,1:12:16,-07:00,2026-04-17T01:12:16-07:00,0,24
style.css,177,css,74fff774,iskabell,4/9/2026,16:50:27,-07:00,2026-04-09T16:50:27-07:00,0,14
style.css,178,css,74fff774,iskabell,4/9/2026,16:50:27,-07:00,2026-04-09T16:50:27-07:00,0,0
style.css,179,css,74fff774,iskabell,4/9/2026,16:50:27,-07:00,2026-04-09T16:50:27-07:00,0,0
style.css,180,css,74fff774,iskabell,4/9/2026,16:50:27,-07:00,2026-04-09T16:50:27-07:00,0,11
style.css,181,css,74fff774,iskabell,4/9/2026,16:50:27,-07:00,2026-04-09T16:50:27-07:00,0,16
style.css,182,css,74fff774,iskabell,4/9/2026,16:50:27,-07:00,2026-04-09T16:50:27-07:00,0,0
style.css,183,css,74fff774,iskabell,4/9/2026,16:50:27,-07:00,2026-04-09T16:50:27-07:00,0,0
style.css,184,css,74fff774,iskabell,4/9/2026,16:50:27,-07:00,2026-04-09T16:50:27-07:00,0,22
style.css,185,css,74fff774,iskabell,4/9/2026,16:50:27,-07:00,2026-04-09T16:50:27-07:00,0,13
style.css,186,css,74fff774,iskabell,4/9/2026,16:50:27,-07:00,2026-04-09T16:50:27-07:00,0,0
style.css,187,css,74fff774,iskabell,4/9/2026,16:50:27,-07:00,2026-04-09T16:50:27-07:00,0,0
style.css,188,css,74fff774,iskabell,4/9/2026,16:50:27,-07:00,2026-04-09T16:50:27-07:00,0,18
style.css,189,css,74fff774,iskabell,4/9/2026,16:50:27,-07:00,2026-04-09T16:50:27-07:00,0,10
style.css,190,css,74fff774,iskabell,4/9/2026,16:50:27,-07:00,2026-04-09T16:50:27-07:00,0,27
style.css,191,css,74fff774,iskabell,4/9/2026,16:50:27,-07:00,2026-04-09T16:50:27-07:00,0,18
style.css,192,css,74fff774,iskabell,4/9/2026,16:50:27,-07:00,2026-04-09T16:50:27-07:00,0,6
style.css,193,css,74fff774,iskabell,4/9/2026,16:50:27,-07:00,2026-04-09T16:50:27-07:00,0,12
style.css,194,css,74fff774,iskabell,4/9/2026,16:50:27,-07:00,2026-04-09T16:50:27-07:00,0,19
style.css,195,css,74fff774,iskabell,4/9/2026,16:50:27,-07:00,2026-04-09T16:50:27-07:00,0,0
style.css,196,css,74fff774,iskabell,4/9/2026,16:50:27,-07:00,2026-04-09T16:50:27-07:00,0,0
style.css,197,css,74fff774,iskabell,4/9/2026,16:50:27,-07:00,2026-04-09T16:50:27-07:00,0,14
style.css,198,css,74fff774,iskabell,4/9/2026,16:50:27,-07:00,2026-04-09T16:50:27-07:00,0,6
style.css,199,css,74fff774,iskabell,4/9/2026,16:50:27,-07:00,2026-04-09T16:50:27-07:00,0,15
style.css,200,css,74fff774,iskabell,4/9/2026,16:50:27,-07:00,2026-04-09T16:50:27-07:00,0,0
style.css,201,css,74fff774,iskabell,4/9/2026,16:50:27,-07:00,2026-04-09T16:50:27-07:00,0,0
style.css,202,css,74fff774,iskabell,4/9/2026,16:50:27,-07:00,2026-04-09T16:50:27-07:00,0,17
style.css,203,css,2ee2ff88,iskabell,4/17/2026,1:12:16,-07:00,2026-04-17T01:12:16-07:00,0,20
style.css,204,css,74fff774,iskabell,4/9/2026,16:50:27,-07:00,2026-04-09T16:50:27-07:00,0,15
style.css,205,css,74fff774,iskabell,4/9/2026,16:50:27,-07:00,2026-04-09T16:50:27-07:00,0,0
style.css,206,css,74fff774,iskabell,4/9/2026,16:50:27,-07:00,2026-04-09T16:50:27-07:00,0,0
style.css,207,css,74fff774,iskabell,4/9/2026,16:50:27,-07:00,2026-04-09T16:50:27-07:00,0,13
style.css,208,css,74fff774,iskabell,4/9/2026,16:50:27,-07:00,2026-04-09T16:50:27-07:00,0,18
style.css,209,css,74fff774,iskabell,4/9/2026,16:50:27,-07:00,2026-04-09T16:50:27-07:00,0,0
style.css,210,css,74fff774,iskabell,4/9/2026,16:50:27,-07:00,2026-04-09T16:50:27-07:00,0,0
style.css,211,css,74fff774,iskabell,4/9/2026,16:50:27,-07:00,2026-04-09T16:50:27-07:00,0,14
style.css,212,css,74fff774,iskabell,4/9/2026,16:50:27,-07:00,2026-04-09T16:50:27-07:00,0,22
style.css,213,css,74fff774,iskabell,4/9/2026,16:50:27,-07:00,2026-04-09T16:50:27-07:00,0,7
style.css,214,css,74fff774,iskabell,4/9/2026,16:50:27,-07:00,2026-04-09T16:50:27-07:00,0,0
style.css,215,css,74fff774,iskabell,4/9/2026,16:50:27,-07:00,2026-04-09T16:50:27-07:00,0,0
style.css,216,css,74fff774,iskabell,4/9/2026,16:50:27,-07:00,2026-04-09T16:50:27-07:00,0,19
style.css,217,css,74fff774,iskabell,4/9/2026,16:50:27,-07:00,2026-04-09T16:50:27-07:00,0,16
style.css,218,css,74fff774,iskabell,4/9/2026,16:50:27,-07:00,2026-04-09T16:50:27-07:00,0,0
style.css,219,css,74fff774,iskabell,4/9/2026,16:50:27,-07:00,2026-04-09T16:50:27-07:00,0,0
style.css,220,css,74fff774,iskabell,4/9/2026,16:50:27,-07:00,2026-04-09T16:50:27-07:00,0,10
style.css,221,css,74fff774,iskabell,4/9/2026,16:50:27,-07:00,2026-04-09T16:50:27-07:00,0,10
style.css,222,css,74fff774,iskabell,4/9/2026,16:50:27,-07:00,2026-04-09T16:50:27-07:00,0,56
style.css,223,css,74fff774,iskabell,4/9/2026,16:50:27,-07:00,2026-04-09T16:50:27-07:00,0,16
style.css,224,css,74fff774,iskabell,4/9/2026,16:50:27,-07:00,2026-04-09T16:50:27-07:00,0,0
style.css,225,css,74fff774,iskabell,4/9/2026,16:50:27,-07:00,2026-04-09T16:50:27-07:00,0,0
style.css,226,css,74fff774,iskabell,4/9/2026,16:50:27,-07:00,2026-04-09T16:50:27-07:00,0,12
style.css,227,css,74fff774,iskabell,4/9/2026,16:50:27,-07:00,2026-04-09T16:50:27-07:00,0,6
style.css,228,css,74fff774,iskabell,4/9/2026,16:50:27,-07:00,2026-04-09T16:50:27-07:00,0,0
style.css,229,css,74fff774,iskabell,4/9/2026,16:50:27,-07:00,2026-04-09T16:50:27-07:00,0,0
style.css,230,css,74fff774,iskabell,4/9/2026,16:50:27,-07:00,2026-04-09T16:50:27-07:00,0,12
style.css,231,css,2ee2ff88,iskabell,4/17/2026,1:12:16,-07:00,2026-04-17T01:12:16-07:00,0,11
style.css,232,css,2ee2ff88,iskabell,4/17/2026,1:12:16,-07:00,2026-04-17T01:12:16-07:00,0,13
style.css,233,css,74fff774,iskabell,4/9/2026,16:50:27,-07:00,2026-04-09T16:50:27-07:00,0,0
style.css,234,css,74fff774,iskabell,4/9/2026,16:50:27,-07:00,2026-04-09T16:50:27-07:00,0,0
style.css,235,css,74fff774,iskabell,4/9/2026,16:50:27,-07:00,2026-04-09T16:50:27-07:00,0,23
style.css,236,css,74fff774,iskabell,4/9/2026,16:50:27,-07:00,2026-04-09T16:50:27-07:00,0,18
style.css,237,css,74fff774,iskabell,4/9/2026,16:50:27,-07:00,2026-04-09T16:50:27-07:00,1,19
style.css,238,css,74fff774,iskabell,4/9/2026,16:50:27,-07:00,2026-04-09T16:50:27-07:00,1,8
style.css,239,css,74fff774,iskabell,4/9/2026,16:50:27,-07:00,2026-04-09T16:50:27-07:00,0,0
style.css,240,css,97cef0cc,iskabell,4/23/2026,23:05:41,-07:00,2026-04-23T23:05:41-07:00,0,0
style.css,241,css,97cef0cc,iskabell,4/23/2026,23:05:41,-07:00,2026-04-23T23:05:41-07:00,0,0
style.css,242,css,97cef0cc,iskabell,4/23/2026,23:05:41,-07:00,2026-04-23T23:05:41-07:00,0,15
style.css,243,css,97cef0cc,iskabell,4/23/2026,23:05:41,-07:00,2026-04-23T23:05:41-07:00,0,10
style.css,244,css,97cef0cc,iskabell,4/23/2026,23:05:41,-07:00,2026-04-23T23:05:41-07:00,0,34
style.css,245,css,97cef0cc,iskabell,4/23/2026,23:05:41,-07:00,2026-04-23T23:05:41-07:00,0,13
style.css,246,css,97cef0cc,iskabell,4/23/2026,23:05:41,-07:00,2026-04-23T23:05:41-07:00,0,6
style.css,247,css,97cef0cc,iskabell,4/23/2026,23:05:41,-07:00,2026-04-23T23:05:41-07:00,0,0
style.css,248,css,97cef0cc,iskabell,4/23/2026,23:05:41,-07:00,2026-04-23T23:05:41-07:00,0,0
style.css,249,css,97cef0cc,iskabell,4/23/2026,23:05:41,-07:00,2026-04-23T23:05:41-07:00,0,15
style.css,250,css,97cef0cc,iskabell,4/23/2026,23:05:41,-07:00,2026-04-23T23:05:41-07:00,0,8
style.css,251,css,97cef0cc,iskabell,4/23/2026,23:05:41,-07:00,2026-04-23T23:05:41-07:00,0,21
style.css,252,css,97cef0cc,iskabell,4/23/2026,23:05:41,-07:00,2026-04-23T23:05:41-07:00,0,15
style.css,253,css,97cef0cc,iskabell,4/23/2026,23:05:41,-07:00,2026-04-23T23:05:41-07:00,0,13
style.css,254,css,97cef0cc,iskabell,4/23/2026,23:05:41,-07:00,2026-04-23T23:05:41-07:00,0,22
style.css,255,css,97cef0cc,iskabell,4/23/2026,23:05:41,-07:00,2026-04-23T23:05:41-07:00,0,0
style.css,256,css,97cef0cc,iskabell,4/23/2026,23:05:41,-07:00,2026-04-23T23:05:41-07:00,0,0
style.css,257,css,97cef0cc,iskabell,4/23/2026,23:05:41,-07:00,2026-04-23T23:05:41-07:00,0,15
style.css,258,css,97cef0cc,iskabell,4/23/2026,23:05:41,-07:00,2026-04-23T23:05:41-07:00,0,8
style.css,259,css,97cef0cc,iskabell,4/23/2026,23:05:41,-07:00,2026-04-23T23:05:41-07:00,0,6
style.css,260,css,97cef0cc,iskabell,4/23/2026,23:05:41,-07:00,2026-04-23T23:05:41-07:00,0,15
style.css,261,css,813db379,iskabell,4/29/2026,14:37:34,-07:00,2026-04-29T14:37:34-07:00,0,0
style.css,262,css,813db379,iskabell,4/29/2026,14:37:34,-07:00,2026-04-29T14:37:34-07:00,0,0
style.css,263,css,813db379,iskabell,4/29/2026,14:37:34,-07:00,2026-04-29T14:37:34-07:00,0,11
style.css,264,css,813db379,iskabell,4/29/2026,14:37:34,-07:00,2026-04-29T14:37:34-07:00,0,8
style.css,265,css,813db379,iskabell,4/29/2026,14:37:34,-07:00,2026-04-29T14:37:34-07:00,0,28
style.css,266,css,813db379,iskabell,4/29/2026,14:37:34,-07:00,2026-04-29T14:37:34-07:00,0,32
style.css,267,css,813db379,iskabell,4/29/2026,14:37:34,-07:00,2026-04-29T14:37:34-07:00,0,15
style.css,268,css,813db379,iskabell,4/29/2026,14:37:34,-07:00,2026-04-29T14:37:34-07:00,0,0
style.css,269,css,813db379,iskabell,4/29/2026,14:37:34,-07:00,2026-04-29T14:37:34-07:00,0,0
style.css,270,css,813db379,iskabell,4/29/2026,14:37:34,-07:00,2026-04-29T14:37:34-07:00,0,14
style.css,271,css,813db379,iskabell,4/29/2026,14:37:34,-07:00,2026-04-29T14:37:34-07:00,0,10
style.css,272,css,813db379,iskabell,4/29/2026,14:37:34,-07:00,2026-04-29T14:37:34-07:00,0,16
style.css,273,css,813db379,iskabell,4/29/2026,14:37:34,-07:00,2026-04-29T14:37:34-07:00,0,5
style.css,274,css,813db379,iskabell,4/29/2026,14:37:34,-07:00,2026-04-29T14:37:34-07:00,0,14
style.css,275,css,813db379,iskabell,4/29/2026,14:37:34,-07:00,2026-04-29T14:37:34-07:00,0,0
style.css,276,css,813db379,iskabell,4/29/2026,14:37:34,-07:00,2026-04-29T14:37:34-07:00,0,0
style.css,277,css,813db379,iskabell,4/29/2026,14:37:34,-07:00,2026-04-29T14:37:34-07:00,0,16
style.css,278,css,813db379,iskabell,4/29/2026,14:37:34,-07:00,2026-04-29T14:37:34-07:00,0,12
style.css,279,css,813db379,iskabell,4/29/2026,14:37:34,-07:00,2026-04-29T14:37:34-07:00,0,14
style.css,280,css,813db379,iskabell,4/29/2026,14:37:34,-07:00,2026-04-29T14:37:34-07:00,0,0
style.css,281,css,813db379,iskabell,4/29/2026,14:37:34,-07:00,2026-04-29T14:37:34-07:00,0,0
style.css,282,css,813db379,iskabell,4/29/2026,14:37:34,-07:00,2026-04-29T14:37:34-07:00,0,5
style.css,283,css,813db379,iskabell,4/29/2026,14:37:34,-07:00,2026-04-29T14:37:34-07:00,0,4
style.css,284,css,813db379,iskabell,4/29/2026,14:37:34,-07:00,2026-04-29T14:37:34-07:00,0,10
style.css,285,css,813db379,iskabell,4/29/2026,14:37:34,-07:00,2026-04-29T14:37:34-07:00,0,55
style.css,286,css,813db379,iskabell,4/29/2026,14:37:34,-07:00,2026-04-29T14:37:34-07:00,0,5
style.css,287,css,813db379,iskabell,4/29/2026,14:37:34,-07:00,2026-04-29T14:37:34-07:00,0,9
style.css,288,css,813db379,iskabell,4/29/2026,14:37:34,-07:00,2026-04-29T14:37:34-07:00,0,6
style.css,289,css,813db379,iskabell,4/29/2026,14:37:34,-07:00,2026-04-29T14:37:34-07:00,0,34
style.css,290,css,813db379,iskabell,4/29/2026,14:37:34,-07:00,2026-04-29T14:37:34-07:00,0,17
style.css,291,css,813db379,iskabell,4/29/2026,14:37:34,-07:00,2026-04-29T14:37:34-07:00,0,13
style.css,292,css,813db379,iskabell,4/29/2026,14:37:34,-07:00,2026-04-29T14:37:34-07:00,0,0
style.css,293,css,813db379,iskabell,4/29/2026,14:37:34,-07:00,2026-04-29T14:37:34-07:00,0,0
style.css,294,css,813db379,iskabell,4/29/2026,14:37:34,-07:00,2026-04-29T14:37:34-07:00,0,10
style.css,295,css,813db379,iskabell,4/29/2026,14:37:34,-07:00,2026-04-29T14:37:34-07:00,0,10
style.css,296,css,813db379,iskabell,4/29/2026,14:37:34,-07:00,2026-04-29T14:37:34-07:00,0,16
style.css,297,css,813db379,iskabell,4/29/2026,14:37:34,-07:00,2026-04-29T14:37:34-07:00,0,7
style.css,298,css,813db379,iskabell,4/29/2026,14:37:34,-07:00,2026-04-29T14:37:34-07:00,0,0
style.css,299,css,813db379,iskabell,4/29/2026,14:37:34,-07:00,2026-04-29T14:37:34-07:00,0,0
style.css,300,css,813db379,iskabell,4/29/2026,14:37:34,-07:00,2026-04-29T14:37:34-07:00,0,5
style.css,301,css,813db379,iskabell,4/29/2026,14:37:34,-07:00,2026-04-29T14:37:34-07:00,0,7
style.css,302,css,813db379,iskabell,4/29/2026,14:37:34,-07:00,2026-04-29T14:37:34-07:00,0,16
style.css,303,css,813db379,iskabell,4/29/2026,14:37:34,-07:00,2026-04-29T14:37:34-07:00,0,27
style.css,304,css,813db379,iskabell,4/29/2026,14:37:34,-07:00,2026-04-29T14:37:34-07:00,0,18
style.css,305,css,813db379,iskabell,4/29/2026,14:37:34,-07:00,2026-04-29T14:37:34-07:00,0,18
style.css,306,css,813db379,iskabell,4/29/2026,14:37:34,-07:00,2026-04-29T14:37:34-07:00,0,0
style.css,307,css,813db379,iskabell,4/29/2026,14:37:34,-07:00,2026-04-29T14:37:34-07:00,0,0
style.css,308,css,813db379,iskabell,4/29/2026,14:37:34,-07:00,2026-04-29T14:37:34-07:00,0,8
style.css,309,css,813db379,iskabell,4/29/2026,14:37:34,-07:00,2026-04-29T14:37:34-07:00,0,8
style.css,310,css,813db379,iskabell,4/29/2026,14:37:34,-07:00,2026-04-29T14:37:34-07:00,0,19
style.css,311,css,813db379,iskabell,4/29/2026,14:37:34,-07:00,2026-04-29T14:37:34-07:00,0,16
style.css,312,css,813db379,iskabell,4/29/2026,14:37:34,-07:00,2026-04-29T14:37:34-07:00,0,18
style.css,313,css,813db379,iskabell,4/29/2026,14:37:34,-07:00,2026-04-29T14:37:34-07:00,0,10
style.css,314,css,813db379,iskabell,4/29/2026,14:37:34,-07:00,2026-04-29T14:37:34-07:00,0,34
style.css,315,css,813db379,iskabell,4/29/2026,14:37:34,-07:00,2026-04-29T14:37:34-07:00,0,17
style.css,316,css,813db379,iskabell,4/29/2026,14:37:34,-07:00,2026-04-29T14:37:34-07:00,0,21
style.css,317,css,813db379,iskabell,4/29/2026,14:37:34,-07:00,2026-04-29T14:37:34-07:00,0,38
style.css,318,css,813db379,iskabell,4/29/2026,14:37:34,-07:00,2026-04-29T14:37:34-07:00,0,0
style.css,319,css,813db379,iskabell,4/29/2026,14:37:34,-07:00,2026-04-29T14:37:34-07:00,0,0
style.css,320,css,813db379,iskabell,4/29/2026,14:37:34,-07:00,2026-04-29T14:37:34-07:00,0,21
style.css,321,css,813db379,iskabell,4/29/2026,14:37:34,-07:00,2026-04-29T14:37:34-07:00,0,12
style.css,322,css,813db379,iskabell,4/29/2026,14:37:34,-07:00,2026-04-29T14:37:34-07:00,0,14
style.css,323,css,813db379,iskabell,4/29/2026,14:37:34,-07:00,2026-04-29T14:37:34-07:00,0,0
style.css,324,css,813db379,iskabell,4/29/2026,14:37:34,-07:00,2026-04-29T14:37:34-07:00,0,0
style.css,325,css,813db379,iskabell,4/29/2026,14:37:34,-07:00,2026-04-29T14:37:34-07:00,0,49
style.css,326,css,813db379,iskabell,4/29/2026,14:37:34,-07:00,2026-04-29T14:37:34-07:00,0,9
style.css,327,css,813db379,iskabell,4/29/2026,14:37:34,-07:00,2026-04-29T14:37:34-07:00,0,0
style.css,328,css,813db379,iskabell,4/29/2026,14:37:34,-07:00,2026-04-29T14:37:34-07:00,0,0
style.css,329,css,813db379,iskabell,4/29/2026,14:37:34,-07:00,2026-04-29T14:37:34-07:00,0,7
style.css,330,css,813db379,iskabell,4/29/2026,14:37:34,-07:00,2026-04-29T14:37:34-07:00,0,33
style.css,331,css,813db379,iskabell,4/29/2026,14:37:34,-07:00,2026-04-29T14:37:34-07:00,0,0
style.css,332,css,813db379,iskabell,4/29/2026,14:37:34,-07:00,2026-04-29T14:37:34-07:00,0,0
style.css,333,css,813db379,iskabell,4/29/2026,14:37:34,-07:00,2026-04-29T14:37:34-07:00,0,16
style.css,334,css,813db379,iskabell,4/29/2026,14:37:34,-07:00,2026-04-29T14:37:34-07:00,0,15
style.css,335,css,813db379,iskabell,4/29/2026,14:37:34,-07:00,2026-04-29T14:37:34-07:00,0,0
style.css,336,css,813db379,iskabell,4/29/2026,14:37:34,-07:00,2026-04-29T14:37:34-07:00,0,0
style.css,337,css,813db379,iskabell,4/29/2026,14:37:34,-07:00,2026-04-29T14:37:34-07:00,0,10
style.css,338,css,813db379,iskabell,4/29/2026,14:37:34,-07:00,2026-04-29T14:37:34-07:00,0,12
style.css,339,css,813db379,iskabell,4/29/2026,14:37:34,-07:00,2026-04-29T14:37:34-07:00,0,0
style.css,340,css,813db379,iskabell,4/29/2026,14:37:34,-07:00,2026-04-29T14:37:34-07:00,0,0
style.css,341,css,813db379,iskabell,4/29/2026,14:37:34,-07:00,2026-04-29T14:37:34-07:00,0,19
style.css,342,css,813db379,iskabell,4/29/2026,14:37:34,-07:00,2026-04-29T14:37:34-07:00,0,14
style.css,343,css,813db379,iskabell,4/29/2026,14:37:34,-07:00,2026-04-29T14:37:34-07:00,0,16
style.css,344,css,5873b816,iskabell,4/4/2026,14:24:17,-07:00,2026-04-04T14:24:17-07:00,0,0
index.js,1,js,97cef0cc,iskabell,4/23/2026,23:05:41,-07:00,2026-04-23T23:05:41-07:00,0,69
index.js,2,js,97cef0cc,iskabell,4/23/2026,23:05:41,-07:00,2026-04-23T23:05:41-07:00,0,0
index.js,3,js,97cef0cc,iskabell,4/23/2026,23:05:41,-07:00,2026-04-23T23:05:41-07:00,0,52
index.js,4,js,97cef0cc,iskabell,4/23/2026,23:05:41,-07:00,2026-04-23T23:05:41-07:00,0,40
index.js,5,js,97cef0cc,iskabell,4/23/2026,23:05:41,-07:00,2026-04-23T23:05:41-07:00,0,0
index.js,6,js,97cef0cc,iskabell,4/23/2026,23:05:41,-07:00,2026-04-23T23:05:41-07:00,0,58
index.js,7,js,97cef0cc,iskabell,4/23/2026,23:05:41,-07:00,2026-04-23T23:05:41-07:00,0,52
index.js,8,js,97cef0cc,iskabell,4/23/2026,23:05:41,-07:00,2026-04-23T23:05:41-07:00,0,0
index.js,9,js,97cef0cc,iskabell,4/23/2026,23:05:41,-07:00,2026-04-23T23:05:41-07:00,0,49
index.js,10,js,97cef0cc,iskabell,4/23/2026,23:05:41,-07:00,2026-04-23T23:05:41-07:00,0,0
index.js,11,js,97cef0cc,iskabell,4/23/2026,23:05:41,-07:00,2026-04-23T23:05:41-07:00,0,58
index.js,12,js,97cef0cc,iskabell,4/23/2026,23:05:41,-07:00,2026-04-23T23:05:41-07:00,0,0
index.js,13,js,97cef0cc,iskabell,4/23/2026,23:05:41,-07:00,2026-04-23T23:05:41-07:00,0,15
index.js,14,js,97cef0cc,iskabell,4/23/2026,23:05:41,-07:00,2026-04-23T23:05:41-07:00,0,22
index.js,15,js,97cef0cc,iskabell,4/23/2026,23:05:41,-07:00,2026-04-23T23:05:41-07:00,1,0
index.js,16,js,97cef0cc,iskabell,4/23/2026,23:05:41,-07:00,2026-04-23T23:05:41-07:00,1,46
index.js,17,js,97cef0cc,iskabell,4/23/2026,23:05:41,-07:00,2026-04-23T23:05:41-07:00,1,46
index.js,18,js,97cef0cc,iskabell,4/23/2026,23:05:41,-07:00,2026-04-23T23:05:41-07:00,1,52
index.js,19,js,97cef0cc,iskabell,4/23/2026,23:05:41,-07:00,2026-04-23T23:05:41-07:00,1,52
index.js,20,js,97cef0cc,iskabell,4/23/2026,23:05:41,-07:00,2026-04-23T23:05:41-07:00,1,1
index.js,21,js,97cef0cc,iskabell,4/23/2026,23:05:41,-07:00,2026-04-23T23:05:41-07:00,0,0
index.js,22,js,97cef0cc,iskabell,4/23/2026,23:05:41,-07:00,2026-04-23T23:05:41-07:00,0,0
index.html,1,html,8c32e607,iskabell,4/3/2026,13:31:03,-07:00,2026-04-03T13:31:03-07:00,0,11
index.html,2,html,8c32e607,iskabell,4/3/2026,13:31:03,-07:00,2026-04-03T13:31:03-07:00,0,12
index.html,3,html,8c32e607,iskabell,4/3/2026,13:31:03,-07:00,2026-04-03T13:31:03-07:00,0,2
index.html,4,html,8c32e607,iskabell,4/3/2026,13:31:03,-07:00,2026-04-03T13:31:03-07:00,1,18
index.html,5,html,8c32e607,iskabell,4/3/2026,13:31:03,-07:00,2026-04-03T13:31:03-07:00,1,66
index.html,6,html,8c32e607,iskabell,4/3/2026,13:31:03,-07:00,2026-04-03T13:31:03-07:00,1,51
index.html,7,html,5873b816,iskabell,4/4/2026,14:24:17,-07:00,2026-04-04T14:24:17-07:00,1,36
index.html,8,html,2ee2ff88,iskabell,4/17/2026,1:12:16,-07:00,2026-04-17T01:12:16-07:00,1,43
index.html,9,html,97cef0cc,iskabell,4/23/2026,23:05:41,-07:00,2026-04-23T23:05:41-07:00,1,48
index.html,10,html,8c32e607,iskabell,4/3/2026,13:31:03,-07:00,2026-04-03T13:31:03-07:00,0,3
index.html,11,html,8c32e607,iskabell,4/3/2026,13:31:03,-07:00,2026-04-03T13:31:03-07:00,0,2
index.html,12,html,2ee2ff88,iskabell,4/17/2026,1:12:16,-07:00,2026-04-17T01:12:16-07:00,1,6
index.html,13,html,74fff774,iskabell,4/9/2026,16:50:27,-07:00,2026-04-09T16:50:27-07:00,2,0
index.html,14,html,2ee2ff88,iskabell,4/17/2026,1:12:16,-07:00,2026-04-17T01:12:16-07:00,3,34
index.html,15,html,74fff774,iskabell,4/9/2026,16:50:27,-07:00,2026-04-09T16:50:27-07:00,3,37
index.html,16,html,74fff774,iskabell,4/9/2026,16:50:27,-07:00,2026-04-09T16:50:27-07:00,3,33
index.html,17,html,74fff774,iskabell,4/9/2026,16:50:27,-07:00,2026-04-09T16:50:27-07:00,3,35
index.html,18,html,74fff774,iskabell,4/9/2026,16:50:27,-07:00,2026-04-09T16:50:27-07:00,2,1
index.html,19,html,2ee2ff88,iskabell,4/17/2026,1:12:16,-07:00,2026-04-17T01:12:16-07:00,1,8
index.html,20,html,79aac394,iskabell,4/4/2026,23:26:53,-07:00,2026-04-04T23:26:53-07:00,0,0
index.html,21,html,79aac394,iskabell,4/4/2026,23:26:53,-07:00,2026-04-04T23:26:53-07:00,1,16
index.html,22,html,5873b816,iskabell,4/4/2026,14:24:17,-07:00,2026-04-04T14:24:17-07:00,0,0
index.html,23,html,79aac394,iskabell,4/4/2026,23:26:53,-07:00,2026-04-04T23:26:53-07:00,1,0
index.html,24,html,79aac394,iskabell,4/4/2026,23:26:53,-07:00,2026-04-04T23:26:53-07:00,2,73
index.html,25,html,79aac394,iskabell,4/4/2026,23:26:53,-07:00,2026-04-04T23:26:53-07:00,2,76
index.html,26,html,79aac394,iskabell,4/4/2026,23:26:53,-07:00,2026-04-04T23:26:53-07:00,2,76
index.html,27,html,79aac394,iskabell,4/4/2026,23:26:53,-07:00,2026-04-04T23:26:53-07:00,1,0
index.html,28,html,79aac394,iskabell,4/4/2026,23:26:53,-07:00,2026-04-04T23:26:53-07:00,0,0
index.html,29,html,79aac394,iskabell,4/4/2026,23:26:53,-07:00,2026-04-04T23:26:53-07:00,1,4
index.html,30,html,79aac394,iskabell,4/4/2026,23:26:53,-07:00,2026-04-04T23:26:53-07:00,2,63
index.html,31,html,79aac394,iskabell,4/4/2026,23:26:53,-07:00,2026-04-04T23:26:53-07:00,2,53
index.html,32,html,79aac394,iskabell,4/4/2026,23:26:53,-07:00,2026-04-04T23:26:53-07:00,1,5
index.html,33,html,97cef0cc,iskabell,4/23/2026,23:05:41,-07:00,2026-04-23T23:05:41-07:00,0,0
index.html,34,html,97cef0cc,iskabell,4/23/2026,23:05:41,-07:00,2026-04-23T23:05:41-07:00,1,20
index.html,35,html,97cef0cc,iskabell,4/23/2026,23:05:41,-07:00,2026-04-23T23:05:41-07:00,0,0
index.html,36,html,97cef0cc,iskabell,4/23/2026,23:05:41,-07:00,2026-04-23T23:05:41-07:00,1,24
index.html,37,html,97cef0cc,iskabell,4/23/2026,23:05:41,-07:00,2026-04-23T23:05:41-07:00,0,0
index.html,38,html,2f22bd18,iskabell,4/29/2026,13:53:49,-07:00,2026-04-29T13:53:49-07:00,1,20
index.html,39,html,2f22bd18,iskabell,4/29/2026,13:53:49,-07:00,2026-04-29T13:53:49-07:00,0,0
index.html,40,html,97cef0cc,iskabell,4/23/2026,23:05:41,-07:00,2026-04-23T23:05:41-07:00,1,26
index.html,41,html,79aac394,iskabell,4/4/2026,23:26:53,-07:00,2026-04-04T23:26:53-07:00,0,3
index.html,42,html,8c32e607,iskabell,4/3/2026,13:31:03,-07:00,2026-04-03T13:31:03-07:00,0,3
global.js,1,js,2ee2ff88,iskabell,4/17/2026,1:12:16,-07:00,2026-04-17T01:12:16-07:00,0,23
global.js,2,js,2ee2ff88,iskabell,4/17/2026,1:12:16,-07:00,2026-04-17T01:12:16-07:00,0,0
global.js,3,js,2ee2ff88,iskabell,4/17/2026,1:12:16,-07:00,2026-04-17T01:12:16-07:00,0,39
global.js,4,js,2ee2ff88,iskabell,4/17/2026,1:12:16,-07:00,2026-04-17T01:12:16-07:00,0,50
global.js,5,js,2ee2ff88,iskabell,4/17/2026,1:12:16,-07:00,2026-04-17T01:12:16-07:00,0,0
global.js,6,js,2ee2ff88,iskabell,4/17/2026,1:12:16,-07:00,2026-04-17T01:12:16-07:00,0,0
global.js,7,js,813db379,iskabell,4/29/2026,14:37:34,-07:00,2026-04-29T14:37:34-07:00,0,20
global.js,8,js,2ee2ff88,iskabell,4/17/2026,1:12:16,-07:00,2026-04-17T01:12:16-07:00,0,66
global.js,9,js,2ee2ff88,iskabell,4/17/2026,1:12:16,-07:00,2026-04-17T01:12:16-07:00,1,1
global.js,10,js,2ee2ff88,iskabell,4/17/2026,1:12:16,-07:00,2026-04-17T01:12:16-07:00,1,12
global.js,11,js,2ee2ff88,iskabell,4/17/2026,1:12:16,-07:00,2026-04-17T01:12:16-07:00,0,0
global.js,12,js,2ee2ff88,iskabell,4/17/2026,1:12:16,-07:00,2026-04-17T01:12:16-07:00,0,9
global.js,13,js,2ee2ff88,iskabell,4/17/2026,1:12:16,-07:00,2026-04-17T01:12:16-07:00,0,23
global.js,14,js,2ee2ff88,iskabell,4/17/2026,1:12:16,-07:00,2026-04-17T01:12:16-07:00,0,36
global.js,15,js,2ee2ff88,iskabell,4/17/2026,1:12:16,-07:00,2026-04-17T01:12:16-07:00,0,32
global.js,16,js,2ee2ff88,iskabell,4/17/2026,1:12:16,-07:00,2026-04-17T01:12:16-07:00,0,34
global.js,17,js,2ee2ff88,iskabell,4/17/2026,1:12:16,-07:00,2026-04-17T01:12:16-07:00,0,0
global.js,18,js,2ee2ff88,iskabell,4/17/2026,1:12:16,-07:00,2026-04-17T01:12:16-07:00,0,0
global.js,19,js,2ee2ff88,iskabell,4/17/2026,1:12:16,-07:00,2026-04-17T01:12:16-07:00,0,26
global.js,20,js,2ee2ff88,iskabell,4/17/2026,1:12:16,-07:00,2026-04-17T01:12:16-07:00,0,36
global.js,21,js,2ee2ff88,iskabell,4/17/2026,1:12:16,-07:00,2026-04-17T01:12:16-07:00,0,0
global.js,22,js,2ee2ff88,iskabell,4/17/2026,1:12:16,-07:00,2026-04-17T01:12:16-07:00,0,0
global.js,23,js,2ee2ff88,iskabell,4/17/2026,1:12:16,-07:00,2026-04-17T01:12:16-07:00,0,36
global.js,24,js,2ee2ff88,iskabell,4/17/2026,1:12:16,-07:00,2026-04-17T01:12:16-07:00,0,23
global.js,25,js,2ee2ff88,iskabell,4/17/2026,1:12:16,-07:00,2026-04-17T01:12:16-07:00,0,0
global.js,26,js,2ee2ff88,iskabell,4/17/2026,1:12:16,-07:00,2026-04-17T01:12:16-07:00,0,18
global.js,27,js,2ee2ff88,iskabell,4/17/2026,1:12:16,-07:00,2026-04-17T01:12:16-07:00,0,12
global.js,28,js,2ee2ff88,iskabell,4/17/2026,1:12:16,-07:00,2026-04-17T01:12:16-07:00,0,16
global.js,29,js,2ee2ff88,iskabell,4/17/2026,1:12:16,-07:00,2026-04-17T01:12:16-07:00,0,0
global.js,30,js,2ee2ff88,iskabell,4/17/2026,1:12:16,-07:00,2026-04-17T01:12:16-07:00,0,50
global.js,31,js,2ee2ff88,iskabell,4/17/2026,1:12:16,-07:00,2026-04-17T01:12:16-07:00,0,0
global.js,32,js,2ee2ff88,iskabell,4/17/2026,1:12:16,-07:00,2026-04-17T01:12:16-07:00,0,32
global.js,33,js,2ee2ff88,iskabell,4/17/2026,1:12:16,-07:00,2026-04-17T01:12:16-07:00,0,9
global.js,34,js,2ee2ff88,iskabell,4/17/2026,1:12:16,-07:00,2026-04-17T01:12:16-07:00,0,18
global.js,35,js,2ee2ff88,iskabell,4/17/2026,1:12:16,-07:00,2026-04-17T01:12:16-07:00,0,0
global.js,36,js,2ee2ff88,iskabell,4/17/2026,1:12:16,-07:00,2026-04-17T01:12:16-07:00,0,15
global.js,37,js,2ee2ff88,iskabell,4/17/2026,1:12:16,-07:00,2026-04-17T01:12:16-07:00,1,6
global.js,38,js,2ee2ff88,iskabell,4/17/2026,1:12:16,-07:00,2026-04-17T01:12:16-07:00,1,23
global.js,39,js,2ee2ff88,iskabell,4/17/2026,1:12:16,-07:00,2026-04-17T01:12:16-07:00,1,58
global.js,40,js,2ee2ff88,iskabell,4/17/2026,1:12:16,-07:00,2026-04-17T01:12:16-07:00,0,0
global.js,41,js,2ee2ff88,iskabell,4/17/2026,1:12:16,-07:00,2026-04-17T01:12:16-07:00,0,0
global.js,42,js,2ee2ff88,iskabell,4/17/2026,1:12:16,-07:00,2026-04-17T01:12:16-07:00,0,27
global.js,43,js,2ee2ff88,iskabell,4/17/2026,1:12:16,-07:00,2026-04-17T01:12:16-07:00,1,16
global.js,44,js,2ee2ff88,iskabell,4/17/2026,1:12:16,-07:00,2026-04-17T01:12:16-07:00,0,0
global.js,45,js,2ee2ff88,iskabell,4/17/2026,1:12:16,-07:00,2026-04-17T01:12:16-07:00,0,0
global.js,46,js,2ee2ff88,iskabell,4/17/2026,1:12:16,-07:00,2026-04-17T01:12:16-07:00,0,10
global.js,47,js,2ee2ff88,iskabell,4/17/2026,1:12:16,-07:00,2026-04-17T01:12:16-07:00,0,0
global.js,48,js,2ee2ff88,iskabell,4/17/2026,1:12:16,-07:00,2026-04-17T01:12:16-07:00,0,0
global.js,49,js,2ee2ff88,iskabell,4/17/2026,1:12:16,-07:00,2026-04-17T01:12:16-07:00,0,29
global.js,50,js,2ee2ff88,iskabell,4/17/2026,1:12:16,-07:00,2026-04-17T01:12:16-07:00,0,9
global.js,51,js,2ee2ff88,iskabell,4/17/2026,1:12:16,-07:00,2026-04-17T01:12:16-07:00,0,0
global.js,52,js,2ee2ff88,iskabell,4/17/2026,1:12:16,-07:00,2026-04-17T01:12:16-07:00,1,24
global.js,53,js,2ee2ff88,iskabell,4/17/2026,1:12:16,-07:00,2026-04-17T01:12:16-07:00,1,2
global.js,54,js,2ee2ff88,iskabell,4/17/2026,1:12:16,-07:00,2026-04-17T01:12:16-07:00,1,4
global.js,55,js,2ee2ff88,iskabell,4/17/2026,1:12:16,-07:00,2026-04-17T01:12:16-07:00,2,35
global.js,56,js,2ee2ff88,iskabell,4/17/2026,1:12:16,-07:00,2026-04-17T01:12:16-07:00,2,32
global.js,57,js,2ee2ff88,iskabell,4/17/2026,1:12:16,-07:00,2026-04-17T01:12:16-07:00,2,30
global.js,58,js,2ee2ff88,iskabell,4/17/2026,1:12:16,-07:00,2026-04-17T01:12:16-07:00,1,5
global.js,59,js,2ee2ff88,iskabell,4/17/2026,1:12:16,-07:00,2026-04-17T01:12:16-07:00,1,4
global.js,60,js,2ee2ff88,iskabell,4/17/2026,1:12:16,-07:00,2026-04-17T01:12:16-07:00,0,0
global.js,61,js,2ee2ff88,iskabell,4/17/2026,1:12:16,-07:00,2026-04-17T01:12:16-07:00,0,0
global.js,62,js,2ee2ff88,iskabell,4/17/2026,1:12:16,-07:00,2026-04-17T01:12:16-07:00,0,0
global.js,63,js,2ee2ff88,iskabell,4/17/2026,1:12:16,-07:00,2026-04-17T01:12:16-07:00,0,63
global.js,64,js,2ee2ff88,iskabell,4/17/2026,1:12:16,-07:00,2026-04-17T01:12:16-07:00,0,53
global.js,65,js,2ee2ff88,iskabell,4/17/2026,1:12:16,-07:00,2026-04-17T01:12:16-07:00,0,0
global.js,66,js,2ee2ff88,iskabell,4/17/2026,1:12:16,-07:00,2026-04-17T01:12:16-07:00,0,24
global.js,67,js,2ee2ff88,iskabell,4/17/2026,1:12:16,-07:00,2026-04-17T01:12:16-07:00,0,19
global.js,68,js,2ee2ff88,iskabell,4/17/2026,1:12:16,-07:00,2026-04-17T01:12:16-07:00,1,71
global.js,69,js,2ee2ff88,iskabell,4/17/2026,1:12:16,-07:00,2026-04-17T01:12:16-07:00,1,34
global.js,70,js,2ee2ff88,iskabell,4/17/2026,1:12:16,-07:00,2026-04-17T01:12:16-07:00,1,9
global.js,71,js,2ee2ff88,iskabell,4/17/2026,1:12:16,-07:00,2026-04-17T01:12:16-07:00,1,25
global.js,72,js,2ee2ff88,iskabell,4/17/2026,1:12:16,-07:00,2026-04-17T01:12:16-07:00,1,0
global.js,73,js,2ee2ff88,iskabell,4/17/2026,1:12:16,-07:00,2026-04-17T01:12:16-07:00,0,4
global.js,74,js,2ee2ff88,iskabell,4/17/2026,1:12:16,-07:00,2026-04-17T01:12:16-07:00,1,55
global.js,75,js,2ee2ff88,iskabell,4/17/2026,1:12:16,-07:00,2026-04-17T01:12:16-07:00,0,0
global.js,76,js,2ee2ff88,iskabell,4/17/2026,1:12:16,-07:00,2026-04-17T01:12:16-07:00,0,0
global.js,77,js,2ee2ff88,iskabell,4/17/2026,1:12:16,-07:00,2026-04-17T01:12:16-07:00,0,0
global.js,78,js,2ee2ff88,iskabell,4/17/2026,1:12:16,-07:00,2026-04-17T01:12:16-07:00,0,19
global.js,79,js,2ee2ff88,iskabell,4/17/2026,1:12:16,-07:00,2026-04-17T01:12:16-07:00,0,29
global.js,80,js,2ee2ff88,iskabell,4/17/2026,1:12:16,-07:00,2026-04-17T01:12:16-07:00,0,0
global.js,81,js,2ee2ff88,iskabell,4/17/2026,1:12:16,-07:00,2026-04-17T01:12:16-07:00,0,50
global.js,82,js,2ee2ff88,iskabell,4/17/2026,1:12:16,-07:00,2026-04-17T01:12:16-07:00,0,36
global.js,83,js,2ee2ff88,iskabell,4/17/2026,1:12:16,-07:00,2026-04-17T01:12:16-07:00,0,41
global.js,84,js,2ee2ff88,iskabell,4/17/2026,1:12:16,-07:00,2026-04-17T01:12:16-07:00,0,22
global.js,85,js,2ee2ff88,iskabell,4/17/2026,1:12:16,-07:00,2026-04-17T01:12:16-07:00,0,0
global.js,86,js,2ee2ff88,iskabell,4/17/2026,1:12:16,-07:00,2026-04-17T01:12:16-07:00,0,0
global.js,87,js,2ee2ff88,iskabell,4/17/2026,1:12:16,-07:00,2026-04-17T01:12:16-07:00,0,2
global.js,88,js,2ee2ff88,iskabell,4/17/2026,1:12:16,-07:00,2026-04-17T01:12:16-07:00,0,39
global.js,89,js,2ee2ff88,iskabell,4/17/2026,1:12:16,-07:00,2026-04-17T01:12:16-07:00,0,37
global.js,90,js,2ee2ff88,iskabell,4/17/2026,1:12:16,-07:00,2026-04-17T01:12:16-07:00,1,55
global.js,91,js,2ee2ff88,iskabell,4/17/2026,1:12:16,-07:00,2026-04-17T01:12:16-07:00,1,26
global.js,92,js,2ee2ff88,iskabell,4/17/2026,1:12:16,-07:00,2026-04-17T01:12:16-07:00,1,15
global.js,93,js,2ee2ff88,iskabell,4/17/2026,1:12:16,-07:00,2026-04-17T01:12:16-07:00,1,0
global.js,94,js,2ee2ff88,iskabell,4/17/2026,1:12:16,-07:00,2026-04-17T01:12:16-07:00,0,0
global.js,95,js,2ee2ff88,iskabell,4/17/2026,1:12:16,-07:00,2026-04-17T01:12:16-07:00,0,0
global.js,96,js,2ee2ff88,iskabell,4/17/2026,1:12:16,-07:00,2026-04-17T01:12:16-07:00,0,38
global.js,97,js,2ee2ff88,iskabell,4/17/2026,1:12:16,-07:00,2026-04-17T01:12:16-07:00,0,0
global.js,98,js,2ee2ff88,iskabell,4/17/2026,1:12:16,-07:00,2026-04-17T01:12:16-07:00,0,47
global.js,99,js,2ee2ff88,iskabell,4/17/2026,1:12:16,-07:00,2026-04-17T01:12:16-07:00,0,19
global.js,100,js,2ee2ff88,iskabell,4/17/2026,1:12:16,-07:00,2026-04-17T01:12:16-07:00,0,0
global.js,101,js,2ee2ff88,iskabell,4/17/2026,1:12:16,-07:00,2026-04-17T01:12:16-07:00,0,26
global.js,102,js,2ee2ff88,iskabell,4/17/2026,1:12:16,-07:00,2026-04-17T01:12:16-07:00,0,24
global.js,103,js,2ee2ff88,iskabell,4/17/2026,1:12:16,-07:00,2026-04-17T01:12:16-07:00,0,12
global.js,104,js,2ee2ff88,iskabell,4/17/2026,1:12:16,-07:00,2026-04-17T01:12:16-07:00,0,0
global.js,105,js,2ee2ff88,iskabell,4/17/2026,1:12:16,-07:00,2026-04-17T01:12:16-07:00,0,29
global.js,106,js,2ee2ff88,iskabell,4/17/2026,1:12:16,-07:00,2026-04-17T01:12:16-07:00,1,48
global.js,107,js,2ee2ff88,iskabell,4/17/2026,1:12:16,-07:00,2026-04-17T01:12:16-07:00,0,0
global.js,108,js,2ee2ff88,iskabell,4/17/2026,1:12:16,-07:00,2026-04-17T01:12:16-07:00,0,0
global.js,109,js,2ee2ff88,iskabell,4/17/2026,1:12:16,-07:00,2026-04-17T01:12:16-07:00,0,20
global.js,110,js,2ee2ff88,iskabell,4/17/2026,1:12:16,-07:00,2026-04-17T01:12:16-07:00,0,16
global.js,111,js,97cef0cc,iskabell,4/23/2026,23:05:41,-07:00,2026-04-23T23:05:41-07:00,0,0
global.js,112,js,97cef0cc,iskabell,4/23/2026,23:05:41,-07:00,2026-04-23T23:05:41-07:00,0,0
global.js,113,js,97cef0cc,iskabell,4/23/2026,23:05:41,-07:00,2026-04-23T23:05:41-07:00,0,34
global.js,114,js,97cef0cc,iskabell,4/23/2026,23:05:41,-07:00,2026-04-23T23:05:41-07:00,0,1
global.js,115,js,97cef0cc,iskabell,4/23/2026,23:05:41,-07:00,2026-04-23T23:05:41-07:00,1,30
global.js,116,js,97cef0cc,iskabell,4/23/2026,23:05:41,-07:00,2026-04-23T23:05:41-07:00,0,0
global.js,117,js,97cef0cc,iskabell,4/23/2026,23:05:41,-07:00,2026-04-23T23:05:41-07:00,1,15
global.js,118,js,97cef0cc,iskabell,4/23/2026,23:05:41,-07:00,2026-04-23T23:05:41-07:00,1,64
global.js,119,js,97cef0cc,iskabell,4/23/2026,23:05:41,-07:00,2026-04-23T23:05:41-07:00,1,0
global.js,120,js,97cef0cc,iskabell,4/23/2026,23:05:41,-07:00,2026-04-23T23:05:41-07:00,0,0
global.js,121,js,97cef0cc,iskabell,4/23/2026,23:05:41,-07:00,2026-04-23T23:05:41-07:00,1,31
global.js,122,js,97cef0cc,iskabell,4/23/2026,23:05:41,-07:00,2026-04-23T23:05:41-07:00,1,8
global.js,123,js,97cef0cc,iskabell,4/23/2026,23:05:41,-07:00,2026-04-23T23:05:41-07:00,0,13
global.js,124,js,97cef0cc,iskabell,4/23/2026,23:05:41,-07:00,2026-04-23T23:05:41-07:00,1,57
global.js,125,js,97cef0cc,iskabell,4/23/2026,23:05:41,-07:00,2026-04-23T23:05:41-07:00,0,0
global.js,126,js,97cef0cc,iskabell,4/23/2026,23:05:41,-07:00,2026-04-23T23:05:41-07:00,0,0
global.js,127,js,97cef0cc,iskabell,4/23/2026,23:05:41,-07:00,2026-04-23T23:05:41-07:00,0,0
global.js,128,js,97cef0cc,iskabell,4/23/2026,23:05:41,-07:00,2026-04-23T23:05:41-07:00,0,77
global.js,129,js,97cef0cc,iskabell,4/23/2026,23:05:41,-07:00,2026-04-23T23:05:41-07:00,0,28
global.js,130,js,97cef0cc,iskabell,4/23/2026,23:05:41,-07:00,2026-04-23T23:05:41-07:00,0,0
global.js,131,js,97cef0cc,iskabell,4/23/2026,23:05:41,-07:00,2026-04-23T23:05:41-07:00,0,27
global.js,132,js,97cef0cc,iskabell,4/23/2026,23:05:41,-07:00,2026-04-23T23:05:41-07:00,1,46
global.js,133,js,97cef0cc,iskabell,4/23/2026,23:05:41,-07:00,2026-04-23T23:05:41-07:00,0,0
global.js,134,js,97cef0cc,iskabell,4/23/2026,23:05:41,-07:00,2026-04-23T23:05:41-07:00,1,17
global.js,135,js,97cef0cc,iskabell,4/23/2026,23:05:41,-07:00,2026-04-23T23:05:41-07:00,1,47
global.js,136,js,97cef0cc,iskabell,4/23/2026,23:05:41,-07:00,2026-04-23T23:05:41-07:00,1,47
global.js,137,js,813db379,iskabell,4/29/2026,14:37:34,-07:00,2026-04-29T14:37:34-07:00,1,1
global.js,138,js,813db379,iskabell,4/29/2026,14:37:34,-07:00,2026-04-29T14:37:34-07:00,2,25
global.js,139,js,813db379,iskabell,4/29/2026,14:37:34,-07:00,2026-04-29T14:37:34-07:00,2,39
global.js,140,js,813db379,iskabell,4/29/2026,14:37:34,-07:00,2026-04-29T14:37:34-07:00,1,2
global.js,141,js,97cef0cc,iskabell,4/23/2026,23:05:41,-07:00,2026-04-23T23:05:41-07:00,1,0
global.js,142,js,97cef0cc,iskabell,4/23/2026,23:05:41,-07:00,2026-04-23T23:05:41-07:00,0,0
global.js,143,js,97cef0cc,iskabell,4/23/2026,23:05:41,-07:00,2026-04-23T23:05:41-07:00,1,34
global.js,144,js,97cef0cc,iskabell,4/23/2026,23:05:41,-07:00,2026-04-23T23:05:41-07:00,0,0
global.js,145,js,97cef0cc,iskabell,4/23/2026,23:05:41,-07:00,2026-04-23T23:05:41-07:00,0,0
global.js,146,js,97cef0cc,iskabell,4/23/2026,23:05:41,-07:00,2026-04-23T23:05:41-07:00,0,0
global.js,147,js,97cef0cc,iskabell,4/23/2026,23:05:41,-07:00,2026-04-23T23:05:41-07:00,0,45
global.js,148,js,97cef0cc,iskabell,4/23/2026,23:05:41,-07:00,2026-04-23T23:05:41-07:00,0,57
global.js,149,js,97cef0cc,iskabell,4/23/2026,23:05:41,-07:00,2026-04-23T23:05:41-07:00,0,0
resume\index.html,1,html,2ae4b3a5,iskabell,4/4/2026,23:22:49,-07:00,2026-04-04T23:22:49-07:00,0,11
resume\index.html,2,html,2ae4b3a5,iskabell,4/4/2026,23:22:49,-07:00,2026-04-04T23:22:49-07:00,0,12
resume\index.html,3,html,2ae4b3a5,iskabell,4/4/2026,23:22:49,-07:00,2026-04-04T23:22:49-07:00,0,2
resume\index.html,4,html,2ae4b3a5,iskabell,4/4/2026,23:22:49,-07:00,2026-04-04T23:22:49-07:00,1,18
resume\index.html,5,html,2ae4b3a5,iskabell,4/4/2026,23:22:49,-07:00,2026-04-04T23:22:49-07:00,1,66
resume\index.html,6,html,2ae4b3a5,iskabell,4/4/2026,23:22:49,-07:00,2026-04-04T23:22:49-07:00,1,17
resume\index.html,7,html,2ae4b3a5,iskabell,4/4/2026,23:22:49,-07:00,2026-04-04T23:22:49-07:00,1,39
resume\index.html,8,html,2ee2ff88,iskabell,4/17/2026,1:12:16,-07:00,2026-04-17T01:12:16-07:00,1,46
resume\index.html,9,html,2ae4b3a5,iskabell,4/4/2026,23:22:49,-07:00,2026-04-04T23:22:49-07:00,0,3
resume\index.html,10,html,2ae4b3a5,iskabell,4/4/2026,23:22:49,-07:00,2026-04-04T23:22:49-07:00,0,2
resume\index.html,11,html,2ee2ff88,iskabell,4/17/2026,1:12:16,-07:00,2026-04-17T01:12:16-07:00,1,6
resume\index.html,12,html,74fff774,iskabell,4/9/2026,16:50:27,-07:00,2026-04-09T16:50:27-07:00,2,0
resume\index.html,13,html,74fff774,iskabell,4/9/2026,16:50:27,-07:00,2026-04-09T16:50:27-07:00,3,27
resume\index.html,14,html,74fff774,iskabell,4/9/2026,16:50:27,-07:00,2026-04-09T16:50:27-07:00,3,40
resume\index.html,15,html,2ee2ff88,iskabell,4/17/2026,1:12:16,-07:00,2026-04-17T01:12:16-07:00,3,36
resume\index.html,16,html,74fff774,iskabell,4/9/2026,16:50:27,-07:00,2026-04-09T16:50:27-07:00,3,38
resume\index.html,17,html,74fff774,iskabell,4/9/2026,16:50:27,-07:00,2026-04-09T16:50:27-07:00,2,1
resume\index.html,18,html,2ee2ff88,iskabell,4/17/2026,1:12:16,-07:00,2026-04-17T01:12:16-07:00,1,6
resume\index.html,19,html,2ae4b3a5,iskabell,4/4/2026,23:22:49,-07:00,2026-04-04T23:22:49-07:00,0,0
resume\index.html,20,html,74fff774,iskabell,4/9/2026,16:50:27,-07:00,2026-04-09T16:50:27-07:00,0,17
resume\index.html,21,html,74fff774,iskabell,4/9/2026,16:50:27,-07:00,2026-04-09T16:50:27-07:00,1,26
resume\index.html,22,html,74fff774,iskabell,4/9/2026,16:50:27,-07:00,2026-04-09T16:50:27-07:00,2,16
resume\index.html,23,html,74fff774,iskabell,4/9/2026,16:50:27,-07:00,2026-04-09T16:50:27-07:00,2,56
resume\index.html,24,html,74fff774,iskabell,4/9/2026,16:50:27,-07:00,2026-04-09T16:50:27-07:00,1,5
resume\index.html,25,html,2ae4b3a5,iskabell,4/4/2026,23:22:49,-07:00,2026-04-04T23:22:49-07:00,0,0
resume\index.html,26,html,2ae4b3a5,iskabell,4/4/2026,23:22:49,-07:00,2026-04-04T23:22:49-07:00,1,5
resume\index.html,27,html,2ae4b3a5,iskabell,4/4/2026,23:22:49,-07:00,2026-04-04T23:22:49-07:00,2,14
resume\index.html,28,html,74fff774,iskabell,4/9/2026,16:50:27,-07:00,2026-04-09T16:50:27-07:00,2,26
resume\index.html,29,html,74fff774,iskabell,4/9/2026,16:50:27,-07:00,2026-04-09T16:50:27-07:00,3,4
resume\index.html,30,html,74fff774,iskabell,4/9/2026,16:50:27,-07:00,2026-04-09T16:50:27-07:00,4,55
resume\index.html,31,html,74fff774,iskabell,4/9/2026,16:50:27,-07:00,2026-04-09T16:50:27-07:00,4,81
resume\index.html,32,html,74fff774,iskabell,4/9/2026,16:50:27,-07:00,2026-04-09T16:50:27-07:00,3,5
resume\index.html,33,html,2ae4b3a5,iskabell,4/4/2026,23:22:49,-07:00,2026-04-04T23:22:49-07:00,3,63
resume\index.html,34,html,2ae4b3a5,iskabell,4/4/2026,23:22:49,-07:00,2026-04-04T23:22:49-07:00,2,6
resume\index.html,35,html,2ae4b3a5,iskabell,4/4/2026,23:22:49,-07:00,2026-04-04T23:22:49-07:00,1,6
resume\index.html,36,html,2ae4b3a5,iskabell,4/4/2026,23:22:49,-07:00,2026-04-04T23:22:49-07:00,0,0
resume\index.html,37,html,2ae4b3a5,iskabell,4/4/2026,23:22:49,-07:00,2026-04-04T23:22:49-07:00,1,5
resume\index.html,38,html,2ae4b3a5,iskabell,4/4/2026,23:22:49,-07:00,2026-04-04T23:22:49-07:00,2,24
resume\index.html,39,html,74fff774,iskabell,4/9/2026,16:50:27,-07:00,2026-04-09T16:50:27-07:00,0,0
resume\index.html,40,html,74fff774,iskabell,4/9/2026,16:50:27,-07:00,2026-04-09T16:50:27-07:00,2,26
resume\index.html,41,html,74fff774,iskabell,4/9/2026,16:50:27,-07:00,2026-04-09T16:50:27-07:00,3,4
resume\index.html,42,html,74fff774,iskabell,4/9/2026,16:50:27,-07:00,2026-04-09T16:50:27-07:00,4,38
resume\index.html,43,html,74fff774,iskabell,4/9/2026,16:50:27,-07:00,2026-04-09T16:50:27-07:00,3,5
resume\index.html,44,html,2ae4b3a5,iskabell,4/4/2026,23:22:49,-07:00,2026-04-04T23:22:49-07:00,3,0
resume\index.html,45,html,2ae4b3a5,iskabell,4/4/2026,23:22:49,-07:00,2026-04-04T23:22:49-07:00,4,80
resume\index.html,46,html,2ae4b3a5,iskabell,4/4/2026,23:22:49,-07:00,2026-04-04T23:22:49-07:00,4,80
resume\index.html,47,html,2ae4b3a5,iskabell,4/4/2026,23:22:49,-07:00,2026-04-04T23:22:49-07:00,4,76
resume\index.html,48,html,2ae4b3a5,iskabell,4/4/2026,23:22:49,-07:00,2026-04-04T23:22:49-07:00,4,79
resume\index.html,49,html,2ae4b3a5,iskabell,4/4/2026,23:22:49,-07:00,2026-04-04T23:22:49-07:00,3,0
resume\index.html,50,html,2ae4b3a5,iskabell,4/4/2026,23:22:49,-07:00,2026-04-04T23:22:49-07:00,2,6
resume\index.html,51,html,2ae4b3a5,iskabell,4/4/2026,23:22:49,-07:00,2026-04-04T23:22:49-07:00,0,0
resume\index.html,52,html,74fff774,iskabell,4/9/2026,16:50:27,-07:00,2026-04-09T16:50:27-07:00,2,26
resume\index.html,53,html,74fff774,iskabell,4/9/2026,16:50:27,-07:00,2026-04-09T16:50:27-07:00,3,4
resume\index.html,54,html,74fff774,iskabell,4/9/2026,16:50:27,-07:00,2026-04-09T16:50:27-07:00,4,40
resume\index.html,55,html,74fff774,iskabell,4/9/2026,16:50:27,-07:00,2026-04-09T16:50:27-07:00,3,5
resume\index.html,56,html,74fff774,iskabell,4/9/2026,16:50:27,-07:00,2026-04-09T16:50:27-07:00,3,71
resume\index.html,57,html,2ae4b3a5,iskabell,4/4/2026,23:22:49,-07:00,2026-04-04T23:22:49-07:00,2,6
resume\index.html,58,html,2ae4b3a5,iskabell,4/4/2026,23:22:49,-07:00,2026-04-04T23:22:49-07:00,1,6
resume\index.html,59,html,2ae4b3a5,iskabell,4/4/2026,23:22:49,-07:00,2026-04-04T23:22:49-07:00,0,0
resume\index.html,60,html,2ae4b3a5,iskabell,4/4/2026,23:22:49,-07:00,2026-04-04T23:22:49-07:00,1,5
resume\index.html,61,html,2ae4b3a5,iskabell,4/4/2026,23:22:49,-07:00,2026-04-04T23:22:49-07:00,2,11
resume\index.html,62,html,74fff774,iskabell,4/9/2026,16:50:27,-07:00,2026-04-09T16:50:27-07:00,2,21
resume\index.html,63,html,74fff774,iskabell,4/9/2026,16:50:27,-07:00,2026-04-09T16:50:27-07:00,3,182
resume\index.html,64,html,74fff774,iskabell,4/9/2026,16:50:27,-07:00,2026-04-09T16:50:27-07:00,3,55
resume\index.html,65,html,74fff774,iskabell,4/9/2026,16:50:27,-07:00,2026-04-09T16:50:27-07:00,3,67
resume\index.html,66,html,74fff774,iskabell,4/9/2026,16:50:27,-07:00,2026-04-09T16:50:27-07:00,3,68
resume\index.html,67,html,74fff774,iskabell,4/9/2026,16:50:27,-07:00,2026-04-09T16:50:27-07:00,2,2
resume\index.html,68,html,2ae4b3a5,iskabell,4/4/2026,23:22:49,-07:00,2026-04-04T23:22:49-07:00,1,6
resume\index.html,69,html,2ae4b3a5,iskabell,4/4/2026,23:22:49,-07:00,2026-04-04T23:22:49-07:00,0,0
resume\index.html,70,html,2ae4b3a5,iskabell,4/4/2026,23:22:49,-07:00,2026-04-04T23:22:49-07:00,1,5
resume\index.html,71,html,2ae4b3a5,iskabell,4/4/2026,23:22:49,-07:00,2026-04-04T23:22:49-07:00,2,13
resume\index.html,72,html,2ae4b3a5,iskabell,4/4/2026,23:22:49,-07:00,2026-04-04T23:22:49-07:00,0,0
resume\index.html,73,html,74fff774,iskabell,4/9/2026,16:50:27,-07:00,2026-04-09T16:50:27-07:00,2,26
resume\index.html,74,html,2ae4b3a5,iskabell,4/4/2026,23:22:49,-07:00,2026-04-04T23:22:49-07:00,3,4
resume\index.html,75,html,2ae4b3a5,iskabell,4/4/2026,23:22:49,-07:00,2026-04-04T23:22:49-07:00,4,52
resume\index.html,76,html,74fff774,iskabell,4/9/2026,16:50:27,-07:00,2026-04-09T16:50:27-07:00,4,84
resume\index.html,77,html,2ae4b3a5,iskabell,4/4/2026,23:22:49,-07:00,2026-04-04T23:22:49-07:00,3,5
resume\index.html,78,html,2ae4b3a5,iskabell,4/4/2026,23:22:49,-07:00,2026-04-04T23:22:49-07:00,3,0
resume\index.html,79,html,2ae4b3a5,iskabell,4/4/2026,23:22:49,-07:00,2026-04-04T23:22:49-07:00,4,124
resume\index.html,80,html,2ae4b3a5,iskabell,4/4/2026,23:22:49,-07:00,2026-04-04T23:22:49-07:00,4,101
resume\index.html,81,html,2ae4b3a5,iskabell,4/4/2026,23:22:49,-07:00,2026-04-04T23:22:49-07:00,4,124
resume\index.html,82,html,2ae4b3a5,iskabell,4/4/2026,23:22:49,-07:00,2026-04-04T23:22:49-07:00,3,1
resume\index.html,83,html,2ae4b3a5,iskabell,4/4/2026,23:22:49,-07:00,2026-04-04T23:22:49-07:00,2,6
resume\index.html,84,html,2ae4b3a5,iskabell,4/4/2026,23:22:49,-07:00,2026-04-04T23:22:49-07:00,0,0
resume\index.html,85,html,74fff774,iskabell,4/9/2026,16:50:27,-07:00,2026-04-09T16:50:27-07:00,2,26
resume\index.html,86,html,2ae4b3a5,iskabell,4/4/2026,23:22:49,-07:00,2026-04-04T23:22:49-07:00,3,4
resume\index.html,87,html,2ae4b3a5,iskabell,4/4/2026,23:22:49,-07:00,2026-04-04T23:22:49-07:00,4,50
resume\index.html,88,html,74fff774,iskabell,4/9/2026,16:50:27,-07:00,2026-04-09T16:50:27-07:00,4,132
resume\index.html,89,html,2ae4b3a5,iskabell,4/4/2026,23:22:49,-07:00,2026-04-04T23:22:49-07:00,3,5
resume\index.html,90,html,2ae4b3a5,iskabell,4/4/2026,23:22:49,-07:00,2026-04-04T23:22:49-07:00,3,0
resume\index.html,91,html,2ae4b3a5,iskabell,4/4/2026,23:22:49,-07:00,2026-04-04T23:22:49-07:00,4,128
resume\index.html,92,html,2ae4b3a5,iskabell,4/4/2026,23:22:49,-07:00,2026-04-04T23:22:49-07:00,4,55
resume\index.html,93,html,2ae4b3a5,iskabell,4/4/2026,23:22:49,-07:00,2026-04-04T23:22:49-07:00,4,77
resume\index.html,94,html,2ae4b3a5,iskabell,4/4/2026,23:22:49,-07:00,2026-04-04T23:22:49-07:00,3,1
resume\index.html,95,html,2ae4b3a5,iskabell,4/4/2026,23:22:49,-07:00,2026-04-04T23:22:49-07:00,2,6
resume\index.html,96,html,2ae4b3a5,iskabell,4/4/2026,23:22:49,-07:00,2026-04-04T23:22:49-07:00,0,0
resume\index.html,97,html,74fff774,iskabell,4/9/2026,16:50:27,-07:00,2026-04-09T16:50:27-07:00,2,26
resume\index.html,98,html,2ae4b3a5,iskabell,4/4/2026,23:22:49,-07:00,2026-04-04T23:22:49-07:00,3,4
resume\index.html,99,html,74fff774,iskabell,4/9/2026,16:50:27,-07:00,2026-04-09T16:50:27-07:00,4,62
resume\index.html,100,html,74fff774,iskabell,4/9/2026,16:50:27,-07:00,2026-04-09T16:50:27-07:00,4,61
resume\index.html,101,html,2ae4b3a5,iskabell,4/4/2026,23:22:49,-07:00,2026-04-04T23:22:49-07:00,3,5
resume\index.html,102,html,2ae4b3a5,iskabell,4/4/2026,23:22:49,-07:00,2026-04-04T23:22:49-07:00,3,0
resume\index.html,103,html,2ae4b3a5,iskabell,4/4/2026,23:22:49,-07:00,2026-04-04T23:22:49-07:00,4,143
resume\index.html,104,html,2ae4b3a5,iskabell,4/4/2026,23:22:49,-07:00,2026-04-04T23:22:49-07:00,4,132
resume\index.html,105,html,2ae4b3a5,iskabell,4/4/2026,23:22:49,-07:00,2026-04-04T23:22:49-07:00,4,87
resume\index.html,106,html,2ae4b3a5,iskabell,4/4/2026,23:22:49,-07:00,2026-04-04T23:22:49-07:00,3,1
resume\index.html,107,html,2ae4b3a5,iskabell,4/4/2026,23:22:49,-07:00,2026-04-04T23:22:49-07:00,2,6
resume\index.html,108,html,2ae4b3a5,iskabell,4/4/2026,23:22:49,-07:00,2026-04-04T23:22:49-07:00,0,0
resume\index.html,109,html,74fff774,iskabell,4/9/2026,16:50:27,-07:00,2026-04-09T16:50:27-07:00,2,26
resume\index.html,110,html,2ae4b3a5,iskabell,4/4/2026,23:22:49,-07:00,2026-04-04T23:22:49-07:00,3,4
resume\index.html,111,html,74fff774,iskabell,4/9/2026,16:50:27,-07:00,2026-04-09T16:50:27-07:00,4,83
resume\index.html,112,html,74fff774,iskabell,4/9/2026,16:50:27,-07:00,2026-04-09T16:50:27-07:00,4,61
resume\index.html,113,html,2ae4b3a5,iskabell,4/4/2026,23:22:49,-07:00,2026-04-04T23:22:49-07:00,3,5
resume\index.html,114,html,2ae4b3a5,iskabell,4/4/2026,23:22:49,-07:00,2026-04-04T23:22:49-07:00,3,0
resume\index.html,115,html,2ae4b3a5,iskabell,4/4/2026,23:22:49,-07:00,2026-04-04T23:22:49-07:00,4,82
resume\index.html,116,html,2ae4b3a5,iskabell,4/4/2026,23:22:49,-07:00,2026-04-04T23:22:49-07:00,4,131
resume\index.html,117,html,2ae4b3a5,iskabell,4/4/2026,23:22:49,-07:00,2026-04-04T23:22:49-07:00,4,102
resume\index.html,118,html,2ae4b3a5,iskabell,4/4/2026,23:22:49,-07:00,2026-04-04T23:22:49-07:00,3,1
resume\index.html,119,html,2ae4b3a5,iskabell,4/4/2026,23:22:49,-07:00,2026-04-04T23:22:49-07:00,2,6
resume\index.html,120,html,2ae4b3a5,iskabell,4/4/2026,23:22:49,-07:00,2026-04-04T23:22:49-07:00,1,6
resume\index.html,121,html,2ae4b3a5,iskabell,4/4/2026,23:22:49,-07:00,2026-04-04T23:22:49-07:00,0,0
resume\index.html,122,html,2ae4b3a5,iskabell,4/4/2026,23:22:49,-07:00,2026-04-04T23:22:49-07:00,1,5
resume\index.html,123,html,2ae4b3a5,iskabell,4/4/2026,23:22:49,-07:00,2026-04-04T23:22:49-07:00,2,15
resume\index.html,124,html,74fff774,iskabell,4/9/2026,16:50:27,-07:00,2026-04-09T16:50:27-07:00,2,26
resume\index.html,125,html,2ae4b3a5,iskabell,4/4/2026,23:22:49,-07:00,2026-04-04T23:22:49-07:00,3,4
resume\index.html,126,html,2ae4b3a5,iskabell,4/4/2026,23:22:49,-07:00,2026-04-04T23:22:49-07:00,4,45
resume\index.html,127,html,74fff774,iskabell,4/9/2026,16:50:27,-07:00,2026-04-09T16:50:27-07:00,4,131
resume\index.html,128,html,2ae4b3a5,iskabell,4/4/2026,23:22:49,-07:00,2026-04-04T23:22:49-07:00,3,5
resume\index.html,129,html,2ae4b3a5,iskabell,4/4/2026,23:22:49,-07:00,2026-04-04T23:22:49-07:00,3,0
resume\index.html,130,html,2ae4b3a5,iskabell,4/4/2026,23:22:49,-07:00,2026-04-04T23:22:49-07:00,4,51
resume\index.html,131,html,2ae4b3a5,iskabell,4/4/2026,23:22:49,-07:00,2026-04-04T23:22:49-07:00,4,84
resume\index.html,132,html,2ae4b3a5,iskabell,4/4/2026,23:22:49,-07:00,2026-04-04T23:22:49-07:00,4,72
resume\index.html,133,html,2ae4b3a5,iskabell,4/4/2026,23:22:49,-07:00,2026-04-04T23:22:49-07:00,3,1
resume\index.html,134,html,2ae4b3a5,iskabell,4/4/2026,23:22:49,-07:00,2026-04-04T23:22:49-07:00,2,6
resume\index.html,135,html,2ae4b3a5,iskabell,4/4/2026,23:22:49,-07:00,2026-04-04T23:22:49-07:00,1,6
resume\index.html,136,html,2ae4b3a5,iskabell,4/4/2026,23:22:49,-07:00,2026-04-04T23:22:49-07:00,0,0
resume\index.html,137,html,2ae4b3a5,iskabell,4/4/2026,23:22:49,-07:00,2026-04-04T23:22:49-07:00,1,5
resume\index.html,138,html,2ae4b3a5,iskabell,4/4/2026,23:22:49,-07:00,2026-04-04T23:22:49-07:00,2,31
resume\index.html,139,html,2ae4b3a5,iskabell,4/4/2026,23:22:49,-07:00,2026-04-04T23:22:49-07:00,0,0
resume\index.html,140,html,74fff774,iskabell,4/9/2026,16:50:27,-07:00,2026-04-09T16:50:27-07:00,2,26
resume\index.html,141,html,2ae4b3a5,iskabell,4/4/2026,23:22:49,-07:00,2026-04-04T23:22:49-07:00,3,4
resume\index.html,142,html,2ae4b3a5,iskabell,4/4/2026,23:22:49,-07:00,2026-04-04T23:22:49-07:00,4,53
resume\index.html,143,html,74fff774,iskabell,4/9/2026,16:50:27,-07:00,2026-04-09T16:50:27-07:00,4,81
resume\index.html,144,html,2ae4b3a5,iskabell,4/4/2026,23:22:49,-07:00,2026-04-04T23:22:49-07:00,3,5
resume\index.html,145,html,2ae4b3a5,iskabell,4/4/2026,23:22:49,-07:00,2026-04-04T23:22:49-07:00,3,0
resume\index.html,146,html,2ae4b3a5,iskabell,4/4/2026,23:22:49,-07:00,2026-04-04T23:22:49-07:00,4,105
resume\index.html,147,html,2ae4b3a5,iskabell,4/4/2026,23:22:49,-07:00,2026-04-04T23:22:49-07:00,4,122
resume\index.html,148,html,2ae4b3a5,iskabell,4/4/2026,23:22:49,-07:00,2026-04-04T23:22:49-07:00,3,1
resume\index.html,149,html,2ae4b3a5,iskabell,4/4/2026,23:22:49,-07:00,2026-04-04T23:22:49-07:00,2,6
resume\index.html,150,html,2ae4b3a5,iskabell,4/4/2026,23:22:49,-07:00,2026-04-04T23:22:49-07:00,0,0
resume\index.html,151,html,74fff774,iskabell,4/9/2026,16:50:27,-07:00,2026-04-09T16:50:27-07:00,2,26
resume\index.html,152,html,2ae4b3a5,iskabell,4/4/2026,23:22:49,-07:00,2026-04-04T23:22:49-07:00,3,4
resume\index.html,153,html,2ae4b3a5,iskabell,4/4/2026,23:22:49,-07:00,2026-04-04T23:22:49-07:00,4,40
resume\index.html,154,html,74fff774,iskabell,4/9/2026,16:50:27,-07:00,2026-04-09T16:50:27-07:00,4,136
resume\index.html,155,html,2ae4b3a5,iskabell,4/4/2026,23:22:49,-07:00,2026-04-04T23:22:49-07:00,3,5
resume\index.html,156,html,2ae4b3a5,iskabell,4/4/2026,23:22:49,-07:00,2026-04-04T23:22:49-07:00,3,0
resume\index.html,157,html,2ae4b3a5,iskabell,4/4/2026,23:22:49,-07:00,2026-04-04T23:22:49-07:00,4,143
resume\index.html,158,html,2ae4b3a5,iskabell,4/4/2026,23:22:49,-07:00,2026-04-04T23:22:49-07:00,4,78
resume\index.html,159,html,2ae4b3a5,iskabell,4/4/2026,23:22:49,-07:00,2026-04-04T23:22:49-07:00,3,1
resume\index.html,160,html,2ae4b3a5,iskabell,4/4/2026,23:22:49,-07:00,2026-04-04T23:22:49-07:00,2,6
resume\index.html,161,html,2ae4b3a5,iskabell,4/4/2026,23:22:49,-07:00,2026-04-04T23:22:49-07:00,0,0
resume\index.html,162,html,74fff774,iskabell,4/9/2026,16:50:27,-07:00,2026-04-09T16:50:27-07:00,2,26
resume\index.html,163,html,2ae4b3a5,iskabell,4/4/2026,23:22:49,-07:00,2026-04-04T23:22:49-07:00,3,4
resume\index.html,164,html,2ae4b3a5,iskabell,4/4/2026,23:22:49,-07:00,2026-04-04T23:22:49-07:00,4,41
resume\index.html,165,html,74fff774,iskabell,4/9/2026,16:50:27,-07:00,2026-04-09T16:50:27-07:00,4,119
resume\index.html,166,html,2ae4b3a5,iskabell,4/4/2026,23:22:49,-07:00,2026-04-04T23:22:49-07:00,3,5
resume\index.html,167,html,2ae4b3a5,iskabell,4/4/2026,23:22:49,-07:00,2026-04-04T23:22:49-07:00,3,0
resume\index.html,168,html,2ae4b3a5,iskabell,4/4/2026,23:22:49,-07:00,2026-04-04T23:22:49-07:00,4,102
resume\index.html,169,html,2ae4b3a5,iskabell,4/4/2026,23:22:49,-07:00,2026-04-04T23:22:49-07:00,4,76
resume\index.html,170,html,2ae4b3a5,iskabell,4/4/2026,23:22:49,-07:00,2026-04-04T23:22:49-07:00,3,1
resume\index.html,171,html,2ae4b3a5,iskabell,4/4/2026,23:22:49,-07:00,2026-04-04T23:22:49-07:00,2,6
resume\index.html,172,html,2ae4b3a5,iskabell,4/4/2026,23:22:49,-07:00,2026-04-04T23:22:49-07:00,1,6
resume\index.html,173,html,74fff774,iskabell,4/9/2026,16:50:27,-07:00,2026-04-09T16:50:27-07:00,0,3
projects\projects.js,1,js,813db379,iskabell,4/29/2026,14:37:34,-07:00,2026-04-29T14:37:34-07:00,0,61
projects\projects.js,2,js,813db379,iskabell,4/29/2026,14:37:34,-07:00,2026-04-29T14:37:34-07:00,0,64
projects\projects.js,3,js,97cef0cc,iskabell,4/23/2026,23:05:41,-07:00,2026-04-23T23:05:41-07:00,0,0
projects\projects.js,4,js,813db379,iskabell,4/29/2026,14:37:34,-07:00,2026-04-29T14:37:34-07:00,0,62
projects\projects.js,5,js,97cef0cc,iskabell,4/23/2026,23:05:41,-07:00,2026-04-23T23:05:41-07:00,0,0
projects\projects.js,6,js,813db379,iskabell,4/29/2026,14:37:34,-07:00,2026-04-29T14:37:34-07:00,0,58
projects\projects.js,7,js,813db379,iskabell,4/29/2026,14:37:34,-07:00,2026-04-29T14:37:34-07:00,0,52
projects\projects.js,8,js,813db379,iskabell,4/29/2026,14:37:34,-07:00,2026-04-29T14:37:34-07:00,0,53
projects\projects.js,9,js,97cef0cc,iskabell,4/23/2026,23:05:41,-07:00,2026-04-23T23:05:41-07:00,0,0
projects\projects.js,10,js,813db379,iskabell,4/29/2026,14:37:34,-07:00,2026-04-29T14:37:34-07:00,0,11
projects\projects.js,11,js,813db379,iskabell,4/29/2026,14:37:34,-07:00,2026-04-29T14:37:34-07:00,0,20
projects\projects.js,12,js,97cef0cc,iskabell,4/23/2026,23:05:41,-07:00,2026-04-23T23:05:41-07:00,0,0
projects\projects.js,13,js,813db379,iskabell,4/29/2026,14:37:34,-07:00,2026-04-29T14:37:34-07:00,0,32
projects\projects.js,14,js,813db379,iskabell,4/29/2026,14:37:34,-07:00,2026-04-29T14:37:34-07:00,0,48
projects\projects.js,15,js,813db379,iskabell,4/29/2026,14:37:34,-07:00,2026-04-29T14:37:34-07:00,0,9
projects\projects.js,16,js,813db379,iskabell,4/29/2026,14:37:34,-07:00,2026-04-29T14:37:34-07:00,0,0
projects\projects.js,17,js,813db379,iskabell,4/29/2026,14:37:34,-07:00,2026-04-29T14:37:34-07:00,0,0
projects\projects.js,18,js,813db379,iskabell,4/29/2026,14:37:34,-07:00,2026-04-29T14:37:34-07:00,0,34
projects\projects.js,19,js,813db379,iskabell,4/29/2026,14:37:34,-07:00,2026-04-29T14:37:34-07:00,0,33
projects\projects.js,20,js,813db379,iskabell,4/29/2026,14:37:34,-07:00,2026-04-29T14:37:34-07:00,1,59
projects\projects.js,21,js,813db379,iskabell,4/29/2026,14:37:34,-07:00,2026-04-29T14:37:34-07:00,1,40
projects\projects.js,22,js,813db379,iskabell,4/29/2026,14:37:34,-07:00,2026-04-29T14:37:34-07:00,0,0
projects\projects.js,23,js,813db379,iskabell,4/29/2026,14:37:34,-07:00,2026-04-29T14:37:34-07:00,0,0
projects\projects.js,24,js,813db379,iskabell,4/29/2026,14:37:34,-07:00,2026-04-29T14:37:34-07:00,0,0
projects\projects.js,25,js,813db379,iskabell,4/29/2026,14:37:34,-07:00,2026-04-29T14:37:34-07:00,0,27
projects\projects.js,26,js,813db379,iskabell,4/29/2026,14:37:34,-07:00,2026-04-29T14:37:34-07:00,0,47
projects\projects.js,27,js,813db379,iskabell,4/29/2026,14:37:34,-07:00,2026-04-29T14:37:34-07:00,0,0
projects\projects.js,28,js,813db379,iskabell,4/29/2026,14:37:34,-07:00,2026-04-29T14:37:34-07:00,0,24
projects\projects.js,29,js,813db379,iskabell,4/29/2026,14:37:34,-07:00,2026-04-29T14:37:34-07:00,1,53
projects\projects.js,30,js,813db379,iskabell,4/29/2026,14:37:34,-07:00,2026-04-29T14:37:34-07:00,1,33
projects\projects.js,31,js,813db379,iskabell,4/29/2026,14:37:34,-07:00,2026-04-29T14:37:34-07:00,1,0
projects\projects.js,32,js,813db379,iskabell,4/29/2026,14:37:34,-07:00,2026-04-29T14:37:34-07:00,0,0
projects\projects.js,33,js,813db379,iskabell,4/29/2026,14:37:34,-07:00,2026-04-29T14:37:34-07:00,0,0
projects\projects.js,34,js,813db379,iskabell,4/29/2026,14:37:34,-07:00,2026-04-29T14:37:34-07:00,0,20
projects\projects.js,35,js,813db379,iskabell,4/29/2026,14:37:34,-07:00,2026-04-29T14:37:34-07:00,0,0
projects\projects.js,36,js,813db379,iskabell,4/29/2026,14:37:34,-07:00,2026-04-29T14:37:34-07:00,0,0
projects\projects.js,37,js,813db379,iskabell,4/29/2026,14:37:34,-07:00,2026-04-29T14:37:34-07:00,0,19
projects\projects.js,38,js,813db379,iskabell,4/29/2026,14:37:34,-07:00,2026-04-29T14:37:34-07:00,0,55
projects\projects.js,39,js,813db379,iskabell,4/29/2026,14:37:34,-07:00,2026-04-29T14:37:34-07:00,0,41
projects\projects.js,40,js,813db379,iskabell,4/29/2026,14:37:34,-07:00,2026-04-29T14:37:34-07:00,0,0
projects\projects.js,41,js,813db379,iskabell,4/29/2026,14:37:34,-07:00,2026-04-29T14:37:34-07:00,0,53
projects\projects.js,42,js,813db379,iskabell,4/29/2026,14:37:34,-07:00,2026-04-29T14:37:34-07:00,0,0
projects\projects.js,43,js,813db379,iskabell,4/29/2026,14:37:34,-07:00,2026-04-29T14:37:34-07:00,0,55
projects\projects.js,44,js,813db379,iskabell,4/29/2026,14:37:34,-07:00,2026-04-29T14:37:34-07:00,0,26
projects\projects.js,45,js,813db379,iskabell,4/29/2026,14:37:34,-07:00,2026-04-29T14:37:34-07:00,0,35
projects\projects.js,46,js,813db379,iskabell,4/29/2026,14:37:34,-07:00,2026-04-29T14:37:34-07:00,0,0
projects\projects.js,47,js,813db379,iskabell,4/29/2026,14:37:34,-07:00,2026-04-29T14:37:34-07:00,0,0
projects\projects.js,48,js,813db379,iskabell,4/29/2026,14:37:34,-07:00,2026-04-29T14:37:34-07:00,0,36
projects\projects.js,49,js,813db379,iskabell,4/29/2026,14:37:34,-07:00,2026-04-29T14:37:34-07:00,0,40
projects\projects.js,50,js,813db379,iskabell,4/29/2026,14:37:34,-07:00,2026-04-29T14:37:34-07:00,0,32
projects\projects.js,51,js,813db379,iskabell,4/29/2026,14:37:34,-07:00,2026-04-29T14:37:34-07:00,0,0
projects\projects.js,52,js,813db379,iskabell,4/29/2026,14:37:34,-07:00,2026-04-29T14:37:34-07:00,0,27
projects\projects.js,53,js,813db379,iskabell,4/29/2026,14:37:34,-07:00,2026-04-29T14:37:34-07:00,0,28
projects\projects.js,54,js,813db379,iskabell,4/29/2026,14:37:34,-07:00,2026-04-29T14:37:34-07:00,0,0
projects\projects.js,55,js,813db379,iskabell,4/29/2026,14:37:34,-07:00,2026-04-29T14:37:34-07:00,0,26
projects\projects.js,56,js,813db379,iskabell,4/29/2026,14:37:34,-07:00,2026-04-29T14:37:34-07:00,1,10
projects\projects.js,57,js,813db379,iskabell,4/29/2026,14:37:34,-07:00,2026-04-29T14:37:34-07:00,1,12
projects\projects.js,58,js,813db379,iskabell,4/29/2026,14:37:34,-07:00,2026-04-29T14:37:34-07:00,1,9
projects\projects.js,59,js,813db379,iskabell,4/29/2026,14:37:34,-07:00,2026-04-29T14:37:34-07:00,0,0
projects\projects.js,60,js,813db379,iskabell,4/29/2026,14:37:34,-07:00,2026-04-29T14:37:34-07:00,0,0
projects\projects.js,61,js,813db379,iskabell,4/29/2026,14:37:34,-07:00,2026-04-29T14:37:34-07:00,0,44
projects\projects.js,62,js,813db379,iskabell,4/29/2026,14:37:34,-07:00,2026-04-29T14:37:34-07:00,1,33
projects\projects.js,63,js,813db379,iskabell,4/29/2026,14:37:34,-07:00,2026-04-29T14:37:34-07:00,0,0
projects\projects.js,64,js,813db379,iskabell,4/29/2026,14:37:34,-07:00,2026-04-29T14:37:34-07:00,0,0
projects\projects.js,65,js,813db379,iskabell,4/29/2026,14:37:34,-07:00,2026-04-29T14:37:34-07:00,0,69
projects\projects.js,66,js,813db379,iskabell,4/29/2026,14:37:34,-07:00,2026-04-29T14:37:34-07:00,0,71
projects\projects.js,67,js,813db379,iskabell,4/29/2026,14:37:34,-07:00,2026-04-29T14:37:34-07:00,0,27
projects\projects.js,68,js,813db379,iskabell,4/29/2026,14:37:34,-07:00,2026-04-29T14:37:34-07:00,1,16
projects\projects.js,69,js,813db379,iskabell,4/29/2026,14:37:34,-07:00,2026-04-29T14:37:34-07:00,0,0
projects\projects.js,70,js,813db379,iskabell,4/29/2026,14:37:34,-07:00,2026-04-29T14:37:34-07:00,0,0
projects\projects.js,71,js,813db379,iskabell,4/29/2026,14:37:34,-07:00,2026-04-29T14:37:34-07:00,0,25
projects\projects.js,72,js,813db379,iskabell,4/29/2026,14:37:34,-07:00,2026-04-29T14:37:34-07:00,1,11
projects\projects.js,73,js,813db379,iskabell,4/29/2026,14:37:34,-07:00,2026-04-29T14:37:34-07:00,1,13
projects\projects.js,74,js,813db379,iskabell,4/29/2026,14:37:34,-07:00,2026-04-29T14:37:34-07:00,0,0
projects\projects.js,75,js,813db379,iskabell,4/29/2026,14:37:34,-07:00,2026-04-29T14:37:34-07:00,0,27
projects\projects.js,76,js,813db379,iskabell,4/29/2026,14:37:34,-07:00,2026-04-29T14:37:34-07:00,1,19
projects\projects.js,77,js,813db379,iskabell,4/29/2026,14:37:34,-07:00,2026-04-29T14:37:34-07:00,0,0
projects\projects.js,78,js,813db379,iskabell,4/29/2026,14:37:34,-07:00,2026-04-29T14:37:34-07:00,0,33
projects\projects.js,79,js,813db379,iskabell,4/29/2026,14:37:34,-07:00,2026-04-29T14:37:34-07:00,0,0
projects\projects.js,80,js,813db379,iskabell,4/29/2026,14:37:34,-07:00,2026-04-29T14:37:34-07:00,0,47
projects\projects.js,81,js,813db379,iskabell,4/29/2026,14:37:34,-07:00,2026-04-29T14:37:34-07:00,0,0
projects\projects.js,82,js,813db379,iskabell,4/29/2026,14:37:34,-07:00,2026-04-29T14:37:34-07:00,0,23
projects\projects.js,83,js,813db379,iskabell,4/29/2026,14:37:34,-07:00,2026-04-29T14:37:34-07:00,1,0
projects\projects.js,84,js,813db379,iskabell,4/29/2026,14:37:34,-07:00,2026-04-29T14:37:34-07:00,1,11
projects\projects.js,85,js,813db379,iskabell,4/29/2026,14:37:34,-07:00,2026-04-29T14:37:34-07:00,1,23
projects\projects.js,86,js,813db379,iskabell,4/29/2026,14:37:34,-07:00,2026-04-29T14:37:34-07:00,1,20
projects\projects.js,87,js,813db379,iskabell,4/29/2026,14:37:34,-07:00,2026-04-29T14:37:34-07:00,1,59
projects\projects.js,88,js,813db379,iskabell,4/29/2026,14:37:34,-07:00,2026-04-29T14:37:34-07:00,1,16
projects\projects.js,89,js,813db379,iskabell,4/29/2026,14:37:34,-07:00,2026-04-29T14:37:34-07:00,2,63
projects\projects.js,90,js,813db379,iskabell,4/29/2026,14:37:34,-07:00,2026-04-29T14:37:34-07:00,2,9
projects\projects.js,91,js,813db379,iskabell,4/29/2026,14:37:34,-07:00,2026-04-29T14:37:34-07:00,1,0
projects\projects.js,92,js,813db379,iskabell,4/29/2026,14:37:34,-07:00,2026-04-29T14:37:34-07:00,0,0
projects\projects.js,93,js,813db379,iskabell,4/29/2026,14:37:34,-07:00,2026-04-29T14:37:34-07:00,0,0
projects\projects.js,94,js,813db379,iskabell,4/29/2026,14:37:34,-07:00,2026-04-29T14:37:34-07:00,0,20
projects\projects.js,95,js,813db379,iskabell,4/29/2026,14:37:34,-07:00,2026-04-29T14:37:34-07:00,1,2
projects\projects.js,96,js,813db379,iskabell,4/29/2026,14:37:34,-07:00,2026-04-29T14:37:34-07:00,1,9
projects\projects.js,97,js,813db379,iskabell,4/29/2026,14:37:34,-07:00,2026-04-29T14:37:34-07:00,1,71
projects\projects.js,98,js,813db379,iskabell,4/29/2026,14:37:34,-07:00,2026-04-29T14:37:34-07:00,1,35
projects\projects.js,99,js,813db379,iskabell,4/29/2026,14:37:34,-07:00,2026-04-29T14:37:34-07:00,1,66
projects\projects.js,100,js,813db379,iskabell,4/29/2026,14:37:34,-07:00,2026-04-29T14:37:34-07:00,1,16
projects\projects.js,101,js,813db379,iskabell,4/29/2026,14:37:34,-07:00,2026-04-29T14:37:34-07:00,2,53
projects\projects.js,102,js,813db379,iskabell,4/29/2026,14:37:34,-07:00,2026-04-29T14:37:34-07:00,2,9
projects\projects.js,103,js,813db379,iskabell,4/29/2026,14:37:34,-07:00,2026-04-29T14:37:34-07:00,1,0
projects\projects.js,104,js,813db379,iskabell,4/29/2026,14:37:34,-07:00,2026-04-29T14:37:34-07:00,0,0
projects\projects.js,105,js,813db379,iskabell,4/29/2026,14:37:34,-07:00,2026-04-29T14:37:34-07:00,0,0
projects\projects.js,106,js,813db379,iskabell,4/29/2026,14:37:34,-07:00,2026-04-29T14:37:34-07:00,0,0
projects\projects.js,107,js,813db379,iskabell,4/29/2026,14:37:34,-07:00,2026-04-29T14:37:34-07:00,0,46
projects\projects.js,108,js,813db379,iskabell,4/29/2026,14:37:34,-07:00,2026-04-29T14:37:34-07:00,0,23
projects\projects.js,109,js,813db379,iskabell,4/29/2026,14:37:34,-07:00,2026-04-29T14:37:34-07:00,0,9
projects\projects.js,110,js,813db379,iskabell,4/29/2026,14:37:34,-07:00,2026-04-29T14:37:34-07:00,0,0
projects\index.html,1,html,5873b816,iskabell,4/4/2026,14:24:17,-07:00,2026-04-04T14:24:17-07:00,0,11
projects\index.html,2,html,5873b816,iskabell,4/4/2026,14:24:17,-07:00,2026-04-04T14:24:17-07:00,0,12
projects\index.html,3,html,5873b816,iskabell,4/4/2026,14:24:17,-07:00,2026-04-04T14:24:17-07:00,0,2
projects\index.html,4,html,813db379,iskabell,4/29/2026,14:37:34,-07:00,2026-04-29T14:37:34-07:00,0,18
projects\index.html,5,html,813db379,iskabell,4/29/2026,14:37:34,-07:00,2026-04-29T14:37:34-07:00,0,66
projects\index.html,6,html,813db379,iskabell,4/29/2026,14:37:34,-07:00,2026-04-29T14:37:34-07:00,0,19
projects\index.html,7,html,813db379,iskabell,4/29/2026,14:37:34,-07:00,2026-04-29T14:37:34-07:00,0,39
projects\index.html,8,html,813db379,iskabell,4/29/2026,14:37:34,-07:00,2026-04-29T14:37:34-07:00,0,46
projects\index.html,9,html,5873b816,iskabell,4/4/2026,14:24:17,-07:00,2026-04-04T14:24:17-07:00,0,3
projects\index.html,10,html,813db379,iskabell,4/29/2026,14:37:34,-07:00,2026-04-29T14:37:34-07:00,0,0
projects\index.html,11,html,5873b816,iskabell,4/4/2026,14:24:17,-07:00,2026-04-04T14:24:17-07:00,0,2
projects\index.html,12,html,813db379,iskabell,4/29/2026,14:37:34,-07:00,2026-04-29T14:37:34-07:00,0,36
projects\index.html,13,html,813db379,iskabell,4/29/2026,14:37:34,-07:00,2026-04-29T14:37:34-07:00,0,0
projects\index.html,14,html,813db379,iskabell,4/29/2026,14:37:34,-07:00,2026-04-29T14:37:34-07:00,0,25
projects\index.html,15,html,813db379,iskabell,4/29/2026,14:37:34,-07:00,2026-04-29T14:37:34-07:00,1,56
projects\index.html,16,html,813db379,iskabell,4/29/2026,14:37:34,-07:00,2026-04-29T14:37:34-07:00,1,20
projects\index.html,17,html,813db379,iskabell,4/29/2026,14:37:34,-07:00,2026-04-29T14:37:34-07:00,0,2
projects\index.html,18,html,813db379,iskabell,4/29/2026,14:37:34,-07:00,2026-04-29T14:37:34-07:00,0,0
projects\index.html,19,html,813db379,iskabell,4/29/2026,14:37:34,-07:00,2026-04-29T14:37:34-07:00,0,2
projects\index.html,20,html,813db379,iskabell,4/29/2026,14:37:34,-07:00,2026-04-29T14:37:34-07:00,0,13
projects\index.html,21,html,813db379,iskabell,4/29/2026,14:37:34,-07:00,2026-04-29T14:37:34-07:00,0,9
projects\index.html,22,html,813db379,iskabell,4/29/2026,14:37:34,-07:00,2026-04-29T14:37:34-07:00,0,24
projects\index.html,23,html,813db379,iskabell,4/29/2026,14:37:34,-07:00,2026-04-29T14:37:34-07:00,0,29
projects\index.html,24,html,813db379,iskabell,4/29/2026,14:37:34,-07:00,2026-04-29T14:37:34-07:00,0,0
projects\index.html,25,html,813db379,iskabell,4/29/2026,14:37:34,-07:00,2026-04-29T14:37:34-07:00,0,0
projects\index.html,26,html,813db379,iskabell,4/29/2026,14:37:34,-07:00,2026-04-29T14:37:34-07:00,0,24
projects\index.html,27,html,5873b816,iskabell,4/4/2026,14:24:17,-07:00,2026-04-04T14:24:17-07:00,0,0
projects\index.html,28,html,813db379,iskabell,4/29/2026,14:37:34,-07:00,2026-04-29T14:37:34-07:00,0,47
projects\index.html,29,html,5873b816,iskabell,4/4/2026,14:24:17,-07:00,2026-04-04T14:24:17-07:00,0,3
projects\index.html,30,html,5873b816,iskabell,4/4/2026,14:24:17,-07:00,2026-04-04T14:24:17-07:00,0,3
contact\index.html,1,html,5873b816,iskabell,4/4/2026,14:24:17,-07:00,2026-04-04T14:24:17-07:00,0,11
contact\index.html,2,html,5873b816,iskabell,4/4/2026,14:24:17,-07:00,2026-04-04T14:24:17-07:00,0,12
contact\index.html,3,html,5873b816,iskabell,4/4/2026,14:24:17,-07:00,2026-04-04T14:24:17-07:00,0,2
contact\index.html,4,html,5873b816,iskabell,4/4/2026,14:24:17,-07:00,2026-04-04T14:24:17-07:00,1,18
contact\index.html,5,html,5873b816,iskabell,4/4/2026,14:24:17,-07:00,2026-04-04T14:24:17-07:00,1,66
contact\index.html,6,html,5873b816,iskabell,4/4/2026,14:24:17,-07:00,2026-04-04T14:24:17-07:00,1,18
contact\index.html,7,html,5873b816,iskabell,4/4/2026,14:24:17,-07:00,2026-04-04T14:24:17-07:00,1,39
contact\index.html,8,html,2ee2ff88,iskabell,4/17/2026,1:12:16,-07:00,2026-04-17T01:12:16-07:00,1,46
contact\index.html,9,html,5873b816,iskabell,4/4/2026,14:24:17,-07:00,2026-04-04T14:24:17-07:00,0,3
contact\index.html,10,html,5873b816,iskabell,4/4/2026,14:24:17,-07:00,2026-04-04T14:24:17-07:00,0,2
contact\index.html,11,html,5873b816,iskabell,4/4/2026,14:24:17,-07:00,2026-04-04T14:24:17-07:00,1,12
contact\index.html,12,html,2ae4b3a5,iskabell,4/4/2026,23:22:49,-07:00,2026-04-04T23:22:49-07:00,0,0
contact\index.html,13,html,2ee2ff88,iskabell,4/17/2026,1:12:16,-07:00,2026-04-17T01:12:16-07:00,1,34
contact\index.html,14,html,2ae4b3a5,iskabell,4/4/2026,23:22:49,-07:00,2026-04-04T23:22:49-07:00,2,3
contact\index.html,15,html,2ee2ff88,iskabell,4/17/2026,1:12:16,-07:00,2026-04-17T01:12:16-07:00,3,17
contact\index.html,16,html,2ee2ff88,iskabell,4/17/2026,1:12:16,-07:00,2026-04-17T01:12:16-07:00,3,18
contact\index.html,17,html,2ae4b3a5,iskabell,4/4/2026,23:22:49,-07:00,2026-04-04T23:22:49-07:00,2,4
contact\index.html,18,html,2ae4b3a5,iskabell,4/4/2026,23:22:49,-07:00,2026-04-04T23:22:49-07:00,0,0
contact\index.html,19,html,2ae4b3a5,iskabell,4/4/2026,23:22:49,-07:00,2026-04-04T23:22:49-07:00,2,3
contact\index.html,20,html,2ee2ff88,iskabell,4/17/2026,1:12:16,-07:00,2026-04-17T01:12:16-07:00,3,14
contact\index.html,21,html,2ee2ff88,iskabell,4/17/2026,1:12:16,-07:00,2026-04-17T01:12:16-07:00,3,29
contact\index.html,22,html,2ae4b3a5,iskabell,4/4/2026,23:22:49,-07:00,2026-04-04T23:22:49-07:00,2,4
contact\index.html,23,html,2ae4b3a5,iskabell,4/4/2026,23:22:49,-07:00,2026-04-04T23:22:49-07:00,0,0
contact\index.html,24,html,2ee2ff88,iskabell,4/17/2026,1:12:16,-07:00,2026-04-17T01:12:16-07:00,2,33
contact\index.html,25,html,2ae4b3a5,iskabell,4/4/2026,23:22:49,-07:00,2026-04-04T23:22:49-07:00,1,3
contact\index.html,26,html,2ae4b3a5,iskabell,4/4/2026,23:22:49,-07:00,2026-04-04T23:22:49-07:00,0,3
contact\index.html,27,html,2ae4b3a5,iskabell,4/4/2026,23:22:49,-07:00,2026-04-04T23:22:49-07:00,0,3
